Property URL,MLS ID,Property price (USD),Sold date (MM/DD/YYYY),Living area,Living area unit,Price per living area unit (USD),Lot/land area,Lot/land area unit,Bedrooms,Bathrooms,Street address,City,Zip,State,Country
"https://www.zillow.com/homedetails/1-Mazza-Ct-Pomona-NY-10970/32383365_zpid/","","690000","05/14/2024","2188","sqft","315.36","0.35","acres","3","3","1 Mazza Court","Pomona","10970","NY","USA"
"https://www.zillow.com/homedetails/605-Gilbert-Ave-Pearl-River-NY-10965/32391076_zpid/","","605000","05/14/2024","1309","sqft","462.18","0.27","acres","3","3","605 Gilbert Avenue","Pearl River","10965","NY","USA"
"https://www.zillow.com/homedetails/92-E-Allison-Ave-Nanuet-NY-10954/53414612_zpid/","","710000","05/14/2024","2464","sqft","288.15","0.35","acres","5","3","92 E Allison Avenue","Nanuet","10954","NY","USA"
"https://www.zillow.com/homedetails/4-Havencrest-Dr-Thiells-NY-10984/32382986_zpid/","","618500","05/13/2024","1926","sqft","321.13","0.25","acres","4","3","4 Havencrest Drive","Thiells","10984","NY","USA"
"https://www.zillow.com/homedetails/40-3rd-Ave-Nyack-NY-10960/32385240_zpid/","","820000","05/13/2024","1523","sqft","538.41","4356","sqft","3","2","40 3rd Avenue","Nyack","10960","NY","USA"
"https://www.zillow.com/homedetails/12-Howard-Ave-Tappan-NY-10983/32394229_zpid/","","745000","05/13/2024","2473","sqft","301.25","0.3","acres","4","4","12 Howard Avenue","Tappan","10983","NY","USA"
"https://www.zillow.com/homedetails/45-Franklin-Dr-Stony-Pt-NY-10980/32398863_zpid/","","562000","05/13/2024","1896","sqft","296.41","0.31","acres","4","3","45 Franklin Drive","Stony Pt","10980","NY","USA"
"https://www.zillow.com/homedetails/45-Yale-Dr-New-City-NY-10956/53394914_zpid/","","792000","05/13/2024","2138","sqft","370.44","0.34","acres","4","3","45 Yale Drive","New City","10956","NY","USA"
"https://www.zillow.com/homedetails/647-New-Hempstead-Rd-Spring-Valley-NY-10977/53423932_zpid/","","739000","05/13/2024","","","","0.77","acres","3","3","647 New Hempstead Road","Spring Valley","10977","NY","USA"
"https://www.zillow.com/homedetails/30-Wilshire-Dr-Spring-Valley-NY-10977/53426499_zpid/","","760000","05/13/2024","1144","sqft","664.34","0.75","acres","3","2","30 Wilshire Drive","Spring Valley","10977","NY","USA"
"https://www.zillow.com/homedetails/11-Brayfield-Ct-Stony-Pt-NY-10980/102095415_zpid/","","850000","05/13/2024","2720","sqft","312.5","2.31","acres","4","3","11 Brayfield Court","Stony Pt","10980","NY","USA"
"https://www.zillow.com/homedetails/105-Clove-Ave-Haverstraw-NY-10927/32379058_zpid/","","455000","05/10/2024","1406","sqft","323.61","2614","sqft","3","2","105 Clove Avenue","Haverstraw","10927","NY","USA"
"https://www.zillow.com/homedetails/1037-Route-9w-S-Nyack-NY-10960/32392478_zpid/","","1360000","05/10/2024","3198","sqft","425.27","0.77","acres","3","3","1037 Route 9W S","Nyack","10960","NY","USA"
"https://www.zillow.com/homedetails/145-Ridge-Rd-New-City-NY-10956/53393569_zpid/","","810000","05/10/2024","3043","sqft","266.18","0.94","acres","5","4","145 Ridge Road","New City","10956","NY","USA"
"https://www.zillow.com/homedetails/5-Green-Hill-Ct-Nanuet-NY-10954/53412788_zpid/","","765000","05/10/2024","2347","sqft","325.95","0.48","acres","4","3","5 Green Hill Court","Nanuet","10954","NY","USA"
"https://www.zillow.com/homedetails/6-Tulip-Ln-Suffern-NY-10901/53421880_zpid/","","959000","05/10/2024","2468","sqft","388.57","0.56","acres","8","3","6 Tulip Lane","Suffern","10901","NY","USA"
"https://www.zillow.com/homedetails/24-W-Gate-Rd-Suffern-NY-10901/53427190_zpid/","","999000","05/09/2024","3441","sqft","290.32","1.1","acres","5","3","24 W Gate Road","Suffern","10901","NY","USA"
"https://www.zillow.com/homedetails/268-Upper-Depew-Ave-Nyack-NY-10960/32384742_zpid/","","450000","05/08/2024","900","sqft","500","6534","sqft","2","1","268 Upper Depew Avenue","Nyack","10960","NY","USA"
"https://www.zillow.com/homedetails/359-S-Mountain-Rd-New-City-NY-10956/53391668_zpid/","","575000","05/08/2024","1020","sqft","563.73","1.1","acres","2","2","359 S Mountain Road","New City","10956","NY","USA"
"https://www.zillow.com/homedetails/91-Branchville-Rd-Valley-Cottage-NY-10989/53405084_zpid/","","560000","05/08/2024","2480","sqft","225.81","0.52","acres","4","3","91 Branchville Road","Valley Cottage","10989","NY","USA"
"https://www.zillow.com/homedetails/9-Charlotte-Dr-Spring-Valley-NY-10977/53422537_zpid/","","900000","05/08/2024","2796","sqft","321.89","0.83","acres","5","4","9 Charlotte Drive","Spring Valley","10977","NY","USA"
"https://www.zillow.com/homedetails/9-Martha-Rd-Monsey-NY-10952/53423088_zpid/","","1100000","05/08/2024","2614","sqft","420.81","0.84","acres","4","3","9 Martha Road","Monsey","10952","NY","USA"
"https://www.zillow.com/homedetails/5-Lillian-Dr-Chestnut-Ridge-NY-10977/53425983_zpid/","","715000","05/08/2024","1512","sqft","472.88","0.8","acres","4","2","5 Lillian Drive","Chestnut Ridge","10977","NY","USA"
"https://www.zillow.com/homedetails/4-Tomkins-Ridge-Rd-Tomkins-Cove-NY-10986/32397033_zpid/","","754000","05/07/2024","3300","sqft","228.48","1.38","acres","3","3","4 Tomkins Ridge Road","Tomkins Cove","10986","NY","USA"
"https://www.zillow.com/homedetails/4-Eastbourne-Dr-Spring-Valley-NY-10977/53425855_zpid/","","971300","05/07/2024","2494","sqft","389.45","0.49","acres","4","3","4 Eastbourne Drive","Spring Valley","10977","NY","USA"
"https://www.zillow.com/homedetails/62-Pyngyp-Rd-Stony-Pt-NY-10980/32397596_zpid/","","1225000","05/06/2024","5632","sqft","217.51","0.73","acres","7","5","62 Pyngyp Road","Stony Pt","10980","NY","USA"
"https://www.zillow.com/homedetails/10-Higgins-Dr-Stony-Point-NY-10980/32399357_zpid/","","950000","05/06/2024","3813","sqft","249.15","1.36","acres","5","4","10 Higgins Drive","Stony Point","10980","NY","USA"
"https://www.zillow.com/homedetails/13-Woodhaven-Dr-New-City-NY-10956/53392015_zpid/","","1050000","05/06/2024","3668","sqft","286.26","0.52","acres","5","4","13 Woodhaven Drive","New City","10956","NY","USA"
"https://www.zillow.com/homedetails/7-Bull-Run-West-Nyack-NY-10994/53413674_zpid/","","700000","05/06/2024","1810","sqft","386.74","0.35","acres","3","3","7 Bull Run","West Nyack","10994","NY","USA"
"https://www.zillow.com/homedetails/18-Overhill-Rd-Monsey-NY-10952/53432546_zpid/","","1195000","05/06/2024","2096","sqft","570.13","0.33","acres","4","3","18 Overhill Road","Monsey","10952","NY","USA"
"https://www.zillow.com/homedetails/26-Waters-Edge-Congers-NY-10920/53398394_zpid/","","980000","05/05/2024","3313","sqft","295.8","0.52","acres","4","3","26 Waters Edge","Congers","10920","NY","USA"
"https://www.zillow.com/homedetails/7-Scotford-St-Spring-Valley-NY-10977/53423780_zpid/","","935000","05/05/2024","2494","sqft","374.9","0.66","acres","4","3","7 Scotford Street","Spring Valley","10977","NY","USA"
"https://www.zillow.com/homedetails/18-E-Catherine-St-Nyack-NY-10960/32385166_zpid/","","545000","05/03/2024","1392","sqft","391.52","3920","sqft","3","2","18 E Catherine Street","Nyack","10960","NY","USA"
"https://www.zillow.com/homedetails/7-Sickletown-Rd-Pearl-River-NY-10965/32391100_zpid/","","886200","05/03/2024","2538","sqft","349.17","0.87","acres","4","3","7 Sickletown Road","Pearl River","10965","NY","USA"
"https://www.zillow.com/homedetails/15-Dickens-St-Stony-Pt-NY-10980/32397484_zpid/","","1150000","05/03/2024","3258","sqft","352.98","1.22","acres","5","4","15 Dickens Street","Stony Pt","10980","NY","USA"
"https://www.zillow.com/homedetails/3-Lilburn-Dr-Stony-Pt-NY-10980/32400207_zpid/","","630000","05/03/2024","2050","sqft","307.32","0.3","acres","4","2","3 Lilburn Drive","Stony Pt","10980","NY","USA"
"https://www.zillow.com/homedetails/6-Reina-Ln-Valley-Cottage-NY-10989/53403444_zpid/","","700000","05/03/2024","2164","sqft","323.48","0.62","acres","4","3","6 Reina Lane","Valley Cottage","10989","NY","USA"
"https://www.zillow.com/homedetails/9-Twinkle-Rd-Airmont-NY-10901/53428699_zpid/","","1180000","05/03/2024","3200","sqft","368.75","0.8","acres","6","5","9 Twinkle Road","Airmont","10901","NY","USA"
"https://www.zillow.com/homedetails/933-935-Route-45-New-City-NY-10956/343849042_zpid/","","1620000","05/03/2024","4363","sqft","371.3","3.09","acres","5","5","933-935 Route 45","New City","10956","NY","USA"
"https://www.zillow.com/homedetails/24-Nordica-Cir-Stony-Pt-NY-10980/32398831_zpid/","","600000","05/02/2024","2015","sqft","297.77","0.36","acres","4","2","24 Nordica Circle","Stony Pt","10980","NY","USA"
"https://www.zillow.com/homedetails/9-Lenni-Lenape-Ct-Stony-Pt-NY-10980/32399502_zpid/","","850000","05/02/2024","3469","sqft","245.03","0.57","acres","4","4","9 Lenni Lenape Court","Stony Pt","10980","NY","USA"
"https://www.zillow.com/homedetails/27-Badger-St-New-City-NY-10956/53396577_zpid/","","810000","05/02/2024","2600","sqft","311.54","0.49","acres","5","3","27 Badger Street","New City","10956","NY","USA"
"https://www.zillow.com/homedetails/11-Charles-St-Nanuet-NY-10954/53408132_zpid/","","650000","05/02/2024","1792","sqft","362.72","0.26","acres","4","3","11 Charles Street","Nanuet","10954","NY","USA"
"https://www.zillow.com/homedetails/1-Amanda-Ct-Airmont-NY-10952/53429933_zpid/","","999999","05/02/2024","2494","sqft","400.96","0.8","acres","4","3","1 Amanda Ct","Airmont","10952","NY","USA"
"https://www.zillow.com/homedetails/23-Van-Houten-St-Nyack-NY-10960/53391474_zpid/","","720000","05/01/2024","1144","sqft","629.37","3049","sqft","3","2","23 Van Houten Street","Nyack","10960","NY","USA"
"https://www.zillow.com/homedetails/16-Smith-Rd-Nanuet-NY-10954/53408989_zpid/","","700000","05/01/2024","1888","sqft","370.76","6970","sqft","5","2","16 Smith Road","Nanuet","10954","NY","USA"
"https://www.zillow.com/homedetails/45-Green-Rd-West-Nyack-NY-10994/53415769_zpid/","","330000","05/01/2024","700","sqft","471.43","0.86","acres","1","1","45 Green Road","West Nyack","10994","NY","USA"
"https://www.zillow.com/homedetails/62-Convent-Rd-Nanuet-NY-10954/143832284_zpid/","","750000","05/01/2024","3994","sqft","187.78","0.83","acres","4","3","62 Convent Road","Nanuet","10954","NY","USA"
"https://www.zillow.com/homedetails/115-River-Rd-Nyack-NY-10960/32384432_zpid/","","900000","04/30/2024","1580","sqft","569.62","0.71","acres","3","2","115 River Road","Nyack","10960","NY","USA"
"https://www.zillow.com/homedetails/44-S-Highland-Ave-Nyack-NY-10960/32384799_zpid/","","350000","04/30/2024","1313","sqft","266.57","10019","sqft","2","2","44 S Highland Avenue","Nyack","10960","NY","USA"
"https://www.zillow.com/homedetails/4-Treeline-Ter-Nyack-NY-10960/32392497_zpid/","","1142500","04/30/2024","3230","sqft","353.72","1.21","acres","4","3","4 Treeline Terrace","Nyack","10960","NY","USA"
"https://www.zillow.com/homedetails/1-Lauren-Rd-Palisades-NY-10964/32396235_zpid/","","795000","04/30/2024","2396","sqft","331.8","0.29","acres","4","3","1 Lauren Road","Palisades","10964","NY","USA"
"https://www.zillow.com/homedetails/143-S-Route-303-Congers-NY-10920/53403864_zpid/","","479000","04/30/2024","1892","sqft","253.17","8712","sqft","3","2","143 S Route 303","Congers","10920","NY","USA"
"https://www.zillow.com/homedetails/10-Grove-Ct-Bardonia-NY-10954/53410090_zpid/","","835000","04/30/2024","2967","sqft","281.43","0.92","acres","4","3","10 Grove Court","Bardonia","10954","NY","USA"
"https://www.zillow.com/homedetails/29-Rela-Ave-Haverstraw-NY-10927/32378073_zpid/","","489000","04/26/2024","1121","sqft","436.22","4792","sqft","3","2","29 Rela Avenue","Haverstraw","10927","NY","USA"
"https://www.zillow.com/homedetails/72-S-Magnolia-St-Pearl-River-NY-10965/32388997_zpid/","","630000","04/26/2024","1450","sqft","434.48","0.44","acres","3","1","72 S Magnolia Street","Pearl River","10965","NY","USA"
"https://www.zillow.com/homedetails/153-Van-Wyck-Rd-Blauvelt-NY-10913/32390520_zpid/","","660000","04/26/2024","2744","sqft","240.52","1.07","acres","5","4","153 Van Wyck Road","Blauvelt","10913","NY","USA"
"https://www.zillow.com/homedetails/4-Helaine-Ct-Orangeburg-NY-10962/32393786_zpid/","","607500","04/26/2024","1841","sqft","329.98","10454","sqft","3","3","4 Helaine Court","Orangeburg","10962","NY","USA"
"https://www.zillow.com/homedetails/2-Almond-Ct-New-City-NY-10956/53392073_zpid/","","785000","04/26/2024","2652","sqft","296","0.94","acres","4","3","2 Almond Court","New City","10956","NY","USA"
"https://www.zillow.com/homedetails/5-Mansfield-Pl-Suffern-NY-10901/53420246_zpid/","","620000","04/26/2024","1620","sqft","382.72","5227","sqft","3","3","5 Mansfield Place","Suffern","10901","NY","USA"
"https://www.zillow.com/homedetails/20-Tallman-Ave-Nyack-NY-10960/32384706_zpid/","","1500000","04/25/2024","2688","sqft","558.04","9583","sqft","4","3","20 Tallman Avenue","Nyack","10960","NY","USA"
"https://www.zillow.com/homedetails/28-Terrace-Dr-Nyack-NY-10960/32386190_zpid/","","920000","04/25/2024","2318","sqft","396.89","0.46","acres","3","2","28 Terrace Drive","Nyack","10960","NY","USA"
"https://www.zillow.com/homedetails/99-Parkway-Dr-S-Orangeburg-NY-10962/32393243_zpid/","","583500","04/25/2024","1168","sqft","499.57","10019","sqft","3","2","99 Parkway Drive S","Orangeburg","10962","NY","USA"
"https://www.zillow.com/homedetails/27-Jersey-Ave-Suffern-NY-10901/53420477_zpid/","","544000","04/25/2024","1516","sqft","358.84","6970","sqft","3","2","27 Jersey Avenue","Suffern","10901","NY","USA"
"https://www.zillow.com/homedetails/152-Hudson-Ave-Haverstraw-NY-10927/32379205_zpid/","","489000","04/24/2024","1308","sqft","373.85","","","3","2","152 Hudson Avenue","Haverstraw","10927","NY","USA"
"https://www.zillow.com/homedetails/10-Ducey-Ct-Pomona-NY-10970/32383071_zpid/","","769125","04/24/2024","2968","sqft","259.14","0.67","acres","5","3","10 Ducey Court","Pomona","10970","NY","USA"
"https://www.zillow.com/homedetails/71-Western-Hwy-Tappan-NY-10983/89491428_zpid/","","800000","04/24/2024","2132","sqft","375.23","0.36","acres","4","3","71 Western Highway","Tappan","10983","NY","USA"
"https://www.zillow.com/homedetails/42-Tate-Ave-Piermont-NY-10968/2055693565_zpid/","","1175000","04/23/2024","2595","sqft","452.79","10019","sqft","3","3","42 Tate Avenue","Piermont","10968","NY","USA"
"https://www.zillow.com/homedetails/2-Highgate-Ct-Suffern-NY-10901/2054597469_zpid/","","836000","04/22/2024","2572","sqft","325.04","0.51","acres","4","3","2 Highgate Court","Suffern","10901","NY","USA"
"https://www.zillow.com/homedetails/278-Brandywine-Dr-Orangeburg-NY-10962/32393046_zpid/","","615000","04/21/2024","1978","sqft","310.92","0.35","acres","3","3","278 Brandywine Drive","Orangeburg","10962","NY","USA"
"https://www.zillow.com/homedetails/19-S-Remsen-St-Monsey-NY-10952/53435972_zpid/","","1367500","04/21/2024","1952","sqft","700.56","0.26","acres","3","1","19 S Remsen Street","Monsey","10952","NY","USA"
"https://www.zillow.com/homedetails/12-Lewis-Dr-Stony-Pt-NY-10980/32400425_zpid/","","425000","04/19/2024","1183","sqft","359.26","9583","sqft","3","1","12 Lewis Drive","Stony Pt","10980","NY","USA"
"https://www.zillow.com/homedetails/13-Spruce-Ln-West-Nyack-NY-10994/53413704_zpid/","","920000","04/19/2024","1919","sqft","479.42","0.38","acres","3","3","13 Spruce Lane","West Nyack","10994","NY","USA"
"https://www.zillow.com/homedetails/23-Highland-Ave-Suffern-NY-10901/53420944_zpid/","","500000","04/19/2024","1080","sqft","462.96","6534","sqft","3","1","23 Highland Avenue","Suffern","10901","NY","USA"
"https://www.zillow.com/homedetails/21-Timber-Trl-Suffern-NY-10901/53421988_zpid/","","1250000","04/19/2024","4909","sqft","254.63","2.16","acres","6","5","21 Timber Trail","Suffern","10901","NY","USA"
"https://www.zillow.com/homedetails/3-Dorothy-Dr-Spring-Valley-NY-10977/53424294_zpid/","","680000","04/19/2024","1573","sqft","432.29","0.56","acres","3","3","3 Dorothy Drive","Spring Valley","10977","NY","USA"
"https://www.zillow.com/homedetails/15-Gessner-Ter-Pomona-NY-10970/53430832_zpid/","","815000","04/19/2024","2292","sqft","355.58","0.82","acres","5","3","15 Gessner Terrace","Pomona","10970","NY","USA"
"https://www.zillow.com/homedetails/17-Butternut-Dr-New-City-NY-10956/53431486_zpid/","","690000","04/19/2024","1850","sqft","372.97","0.75","acres","4","2","17 Butternut Drive","New City","10956","NY","USA"
"https://www.zillow.com/homedetails/21-Mackey-Ct-West-Haverstraw-NY-10993/32381135_zpid/","","510000","04/18/2024","1680","sqft","303.57","10454","sqft","3","2","21 Mackey Court","West Haverstraw","10993","NY","USA"
"https://www.zillow.com/homedetails/40-S-Constitution-Dr-Tappan-NY-10983/32394712_zpid/","","830000","04/18/2024","2617","sqft","317.16","0.45","acres","5","3","40 S Constitution Drive","Tappan","10983","NY","USA"
"https://www.zillow.com/homedetails/12-Zachary-Taylor-St-Stony-Pt-NY-10980/32397592_zpid/","","900000","04/18/2024","3056","sqft","294.5","0.88","acres","5","4","12 Zachary Taylor Street","Stony Pt","10980","NY","USA"
"https://www.zillow.com/homedetails/51-Cranford-Dr-New-City-NY-10956/53395034_zpid/","","1175000","04/18/2024","2912","sqft","403.5","0.42","acres","5","3","51 Cranford Dr","New City","10956","NY","USA"
"https://www.zillow.com/homedetails/10-Ramapo-Ave-Hillburn-NY-10931/53416869_zpid/","","480000","04/18/2024","1493","sqft","321.5","10454","sqft","3","2","10 Ramapo Avenue","Hillburn","10931","NY","USA"
"https://www.zillow.com/homedetails/40-N-Southgate-Dr-Spring-Valley-NY-10977/53424484_zpid/","","1100000","04/18/2024","1999","sqft","550.28","0.58","acres","4","3","40 N Southgate Drive","Spring Valley","10977","NY","USA"
"https://www.zillow.com/homedetails/2-Belvedere-Path-Suffern-NY-10901/53427050_zpid/","","860000","04/18/2024","2518","sqft","341.54","0.75","acres","4","3","2 Belvedere Path","Suffern","10901","NY","USA"
"https://www.zillow.com/homedetails/4-Graniks-Way-Montebello-NY-10901/53427822_zpid/","","1675000","04/18/2024","3733","sqft","448.7","1.06","acres","6","5","4 Graniks Way","Montebello","10901","NY","USA"
"https://www.zillow.com/homedetails/1-Augur-Rd-Airmont-NY-10901/53428759_zpid/","","750000","04/18/2024","1176","sqft","637.76","0.66","acres","4","2","1 Augur Road","Airmont","10901","NY","USA"
"https://www.zillow.com/homedetails/1-Lenox-Ct-APT-1109-Suffern-NY-10901/2056628585_zpid/","","184000","04/18/2024","1000","sqft","184","","","2","2","1 Lenox Ct #1109","Suffern","10901","NY","USA"
"https://www.zillow.com/homedetails/31-Jacobs-Rd-Thiells-NY-10984/32383278_zpid/","","625000","04/17/2024","1612","sqft","387.72","0.34","acres","3","2","31 Jacobs Road","Thiells","10984","NY","USA"
"https://www.zillow.com/homedetails/3-Carol-Ct-Pomona-NY-10970/32383787_zpid/","","550000","04/17/2024","1416","sqft","388.42","8276","sqft","4","3","3 Carol Court","Pomona","10970","NY","USA"
"https://www.zillow.com/homedetails/1059-Route-9w-S-Nyack-NY-10960/32392475_zpid/","","1200000","04/17/2024","3136","sqft","382.65","0.64","acres","5","5","1059 Route 9W S","Nyack","10960","NY","USA"
"https://www.zillow.com/homedetails/261-Cottage-Rd-Valley-Cottage-NY-10989/53404918_zpid/","","569000","04/17/2024","1378","sqft","412.92","10454","sqft","4","2","261 Cottage Road","Valley Cottage","10989","NY","USA"
"https://www.zillow.com/homedetails/27-Olin-Dr-Nanuet-NY-10954/53406261_zpid/","","495000","04/17/2024","1404","sqft","352.56","0.34","acres","3","2","27 Olin Drive","Nanuet","10954","NY","USA"
"https://www.zillow.com/homedetails/31-Pittsford-Way-Nanuet-NY-10954/53414180_zpid/","","700000","04/17/2024","2557","sqft","273.76","0.25","acres","4","3","31 Pittsford Way","Nanuet","10954","NY","USA"
"https://www.zillow.com/homedetails/5-Laura-Dr-Airmont-NY-10952/53429145_zpid/","","935000","04/17/2024","1803","sqft","518.58","0.35","acres","4","3","5 Laura Drive","Airmont","10952","NY","USA"
"https://www.zillow.com/homedetails/15-Stander-Ln-Thiells-NY-10984/32383307_zpid/","","620000","04/16/2024","1804","sqft","343.68","0.3","acres","4","2","15 Stander Lane","Thiells","10984","NY","USA"
"https://www.zillow.com/homedetails/6-Pyngyp-Rd-Stony-Pt-NY-10980/32397500_zpid/","","830000","04/16/2024","3300","sqft","251.52","1.43","acres","5","3","6 Pyngyp Road","Stony Pt","10980","NY","USA"
"https://www.zillow.com/homedetails/22-Wenzel-Ln-Stony-Pt-NY-10980/32399958_zpid/","","605000","04/16/2024","2016","sqft","300.1","6534","sqft","5","3","22 Wenzel Lane","Stony Pt","10980","NY","USA"
"https://www.zillow.com/homedetails/15-W-Clarkstown-Rd-New-City-NY-10956/53394165_zpid/","","636550","04/16/2024","1865","sqft","341.31","1.5","acres","4","2","15 W Clarkstown Road","New City","10956","NY","USA"
"https://www.zillow.com/homedetails/32-Ridge-Rd-Congers-NY-10920/53403867_zpid/","","880000","04/16/2024","3266","sqft","269.44","0.67","acres","4","3","32 Ridge Road","Congers","10920","NY","USA"
"https://www.zillow.com/homedetails/259-Sickletown-Rd-West-Nyack-NY-10994/53415348_zpid/","","3175000","04/16/2024","7500","sqft","423.33","1.7","acres","6","7","259 Sickletown Road","West Nyack","10994","NY","USA"
"https://www.zillow.com/homedetails/1-Camberra-Dr-Suffern-NY-10901/53423001_zpid/","","1250000","04/16/2024","3405","sqft","367.11","3.81","acres","5","4","1 Camberra Drive","Suffern","10901","NY","USA"
"https://www.zillow.com/homedetails/2-Finnegan-Ln-Suffern-NY-10901/53428099_zpid/","","930000","04/16/2024","3414","sqft","272.41","1.15","acres","5","3","2 Finnegan Lane","Suffern","10901","NY","USA"
"https://www.zillow.com/homedetails/19-Underwood-Rd-Monsey-NY-10952/53431929_zpid/","","1399000","04/16/2024","2346","sqft","596.33","0.78","acres","4","3","19 Underwood Road","Monsey","10952","NY","USA"
"https://www.zillow.com/homedetails/14-Sgt-Ingram-Ct-Pearl-River-NY-10965/55529268_zpid/","","792000","04/16/2024","2912","sqft","271.98","4356","sqft","4","3","14 Sgt Ingram Court","Pearl River","10965","NY","USA"
"https://www.zillow.com/homedetails/19-Pineview-Ave-Bardonia-NY-10954/53408744_zpid/","","740000","04/15/2024","2801","sqft","264.19","0.46","acres","4","3","19 Pineview Avenue","Bardonia","10954","NY","USA"
"https://www.zillow.com/homedetails/10-Tena-Pl-Valley-Cottage-NY-10989/53410875_zpid/","","685000","04/15/2024","1976","sqft","346.66","0.52","acres","4","3","10 Tena Place","Valley Cottage","10989","NY","USA"
"https://www.zillow.com/homedetails/14-E-Charles-St-Nanuet-NY-10954/53413916_zpid/","","730000","04/15/2024","2301","sqft","317.25","7405","sqft","4","3","14 E Charles Street","Nanuet","10954","NY","USA"
"https://www.zillow.com/homedetails/12-Sterling-Forest-Ln-Suffern-NY-10901/53427684_zpid/","","999000","04/15/2024","3198","sqft","312.38","0.59","acres","6","4","12 Sterling Forest Lane","Suffern","10901","NY","USA"
"https://www.zillow.com/homedetails/19-Nytko-Dr-Pomona-NY-10970/32383704_zpid/","","960000","04/12/2024","2428","sqft","395.39","0.43","acres","4","3","19 Nytko Drive","Pomona","10970","NY","USA"
"https://www.zillow.com/homedetails/215-Newport-Ave-Tappan-NY-10983/32394234_zpid/","","655000","04/12/2024","2191","sqft","298.95","0.31","acres","4","3","215 Newport Avenue","Tappan","10983","NY","USA"
"https://www.zillow.com/homedetails/46-Hale-Pl-Tappan-NY-10983/32394261_zpid/","","845000","04/12/2024","2784","sqft","303.52","0.32","acres","4","3","46 Hale Place","Tappan","10983","NY","USA"
"https://www.zillow.com/homedetails/73-Lester-Dr-Tappan-NY-10983/32394487_zpid/","","620000","04/12/2024","2600","sqft","238.46","0.35","acres","4","3","73 Lester Drive","Tappan","10983","NY","USA"
"https://www.zillow.com/homedetails/506-Kings-Hwy-Sparkill-NY-10976/32394543_zpid/","","945000","04/12/2024","2478","sqft","381.36","0.27","acres","5","3","506 Kings Highway","Sparkill","10976","NY","USA"
"https://www.zillow.com/homedetails/21-Gilmore-Dr-Stony-Pt-NY-10980/32398060_zpid/","","805000","04/12/2024","2598","sqft","309.85","0.46","acres","5","3","21 Gilmore Drive","Stony Pt","10980","NY","USA"
"https://www.zillow.com/homedetails/19-Chestnut-St-Stony-Pt-NY-10980/32398667_zpid/","","430000","04/12/2024","1056","sqft","407.2","0.25","acres","3","2","19 Chestnut Street","Stony Pt","10980","NY","USA"
"https://www.zillow.com/homedetails/1-N-Cairngorm-Rd-New-City-NY-10956/53395166_zpid/","","1049000","04/12/2024","3380","sqft","310.36","0.76","acres","5","3","1 N Cairngorm Road","New City","10956","NY","USA"
"https://www.zillow.com/homedetails/4-Crestwood-Dr-New-City-NY-10956/53396321_zpid/","","495000","04/12/2024","1484","sqft","333.56","0.33","acres","3","2","4 Crestwood Drive","New City","10956","NY","USA"
"https://www.zillow.com/homedetails/14-Hamilton-Ave-Sloatsburg-NY-10974/53417475_zpid/","","535000","04/12/2024","1371","sqft","390.23","0.31","acres","3","2","14 Hamilton Avenue","Sloatsburg","10974","NY","USA"
"https://www.zillow.com/homedetails/7-Washington-Cir-Suffern-NY-10901/53420137_zpid/","","423000","04/12/2024","1092","sqft","387.36","3920","sqft","3","1","7 Washington Circle","Suffern","10901","NY","USA"
"https://www.zillow.com/homedetails/18-Jersey-Ave-Suffern-NY-10901/53420491_zpid/","","415000","04/12/2024","1380","sqft","300.72","7405","sqft","3","2","18 Jersey Avenue","Suffern","10901","NY","USA"
"https://www.zillow.com/homedetails/16-Mallory-Rd-Spring-Valley-NY-10977/53434117_zpid/","","692500","04/12/2024","1764","sqft","392.57","0.34","acres","4","2","16 Mallory Road","Spring Valley","10977","NY","USA"
"https://www.zillow.com/homedetails/30-Zachary-Taylor-St-Stony-Point-NY-10980/145667697_zpid/","","1175000","04/12/2024","3626","sqft","324.05","0.83","acres","4","5","30 Zachary Taylor Street","Stony Point","10980","NY","USA"
"https://www.zillow.com/homedetails/16-Bridge-St-Suffern-NY-10901/53420936_zpid/","","515000","04/11/2024","988","sqft","521.26","6534","sqft","3","2","16 Bridge Street","Suffern","10901","NY","USA"
"https://www.zillow.com/homedetails/1-Brook-St-Spring-Valley-NY-10977/53433647_zpid/","","615000","04/11/2024","1318","sqft","466.62","4792","sqft","3","2","1 Brook Street","Spring Valley","10977","NY","USA"
"https://www.zillow.com/homedetails/26-Tallman-Ave-Nyack-NY-10960/32384705_zpid/","","925000","04/10/2024","2033","sqft","454.99","3920","sqft","3","3","26 Tallman Avenue","Nyack","10960","NY","USA"
"https://www.zillow.com/homedetails/7-Mountainside-Ln-Stony-Pt-NY-10980/32399554_zpid/","","540000","04/10/2024","1000","sqft","540","1.22","acres","2","1","7 Mountainside Lane","Stony Pt","10980","NY","USA"
"https://www.zillow.com/homedetails/311-Front-St-Nyack-NY-10960/53391327_zpid/","","580000","04/10/2024","1180","sqft","491.53","4792","sqft","2","2","311 Front Street","Nyack","10960","NY","USA"
"https://www.zillow.com/homedetails/295-New-Hempstead-Rd-New-City-NY-10956/53394163_zpid/","","610000","04/10/2024","1552","sqft","393.04","1","acres","4","2","295 New Hempstead Road","New City","10956","NY","USA"
"https://www.zillow.com/homedetails/86-W-Clarkstown-Rd-New-City-NY-10956/53394250_zpid/","","999000","04/10/2024","4783","sqft","208.86","0.93","acres","7","3","86 W Clarkstown Road","New City","10956","NY","USA"
"https://www.zillow.com/homedetails/36-Johnsons-Ln-New-City-NY-10956/53401773_zpid/","","669000","04/10/2024","1879","sqft","356.04","0.41","acres","5","3","36 Johnsons Lane","New City","10956","NY","USA"
"https://www.zillow.com/homedetails/9-Litchult-Ct-Airmont-NY-10901/53428749_zpid/","","900000","04/10/2024","2438","sqft","369.16","0.76","acres","4","3","9 Litchult Court","Airmont","10901","NY","USA"
"https://www.zillow.com/homedetails/49-Highlake-Dr-Thiells-NY-10984/32382262_zpid/","","600000","04/09/2024","2296","sqft","261.32","0.3","acres","4","3","49 Highlake Drive","Thiells","10984","NY","USA"
"https://www.zillow.com/homedetails/26-Twin-Lakes-Dr-Airmont-NY-10952/53430251_zpid/","","865000","04/09/2024","1892","sqft","457.19","0.58","acres","4","3","26 Twin Lakes Drive","Airmont","10952","NY","USA"
"https://www.zillow.com/homedetails/444-Western-Hwy-Orangeburg-NY-10962/32394023_zpid/","","474000","04/08/2024","1301","sqft","364.34","0.25","acres","3","2","444 Western Highway","Orangeburg","10962","NY","USA"
"https://www.zillow.com/homedetails/20-Blair-Ct-Tappan-NY-10983/32396174_zpid/","","810000","04/08/2024","3262","sqft","248.31","0.3","acres","5","3","20 Blair Court","Tappan","10983","NY","USA"
"https://www.zillow.com/homedetails/6-Millbury-St-Suffern-NY-10901/53421452_zpid/","","905000","04/08/2024","2610","sqft","346.74","0.36","acres","4","3","6 Millbury Street","Suffern","10901","NY","USA"
"https://www.zillow.com/homedetails/9-Cara-Dr-Suffern-NY-10901/53422528_zpid/","","1400000","04/08/2024","3620","sqft","386.74","0.79","acres","6","3","9 Cara Drive","Suffern","10901","NY","USA"
"https://www.zillow.com/homedetails/7-Marietta-Dr-Pomona-NY-10970/53430856_zpid/","","950000","04/08/2024","2156","sqft","440.63","0.78","acres","4","4","7 Marietta Drive","Pomona","10970","NY","USA"
"https://www.zillow.com/homedetails/94-W-Eckerson-Rd-Spring-Valley-NY-10977/53433874_zpid/","","775000","04/08/2024","1835","sqft","422.34","6970","sqft","5","2","94 W Eckerson Road","Spring Valley","10977","NY","USA"
"https://www.zillow.com/homedetails/54-Pyngyp-Rd-Stony-Pt-NY-10980/71197852_zpid/","","1110000","04/08/2024","4688","sqft","236.77","0.93","acres","5","4","54 Pyngyp Road","Stony Pt","10980","NY","USA"
"https://www.zillow.com/homedetails/414-Country-Ridge-Dr-Valley-Cottage-NY-10989/53404350_zpid/","","720000","04/05/2024","2084","sqft","345.49","0.3","acres","4","3","414 Country Ridge Drive","Valley Cottage","10989","NY","USA"
"https://www.zillow.com/homedetails/1-Astri-Ct-Suffern-NY-10901/53427892_zpid/","","819000","04/05/2024","2631","sqft","311.29","0.82","acres","4","3","1 Astri Court","Suffern","10901","NY","USA"
"https://www.zillow.com/homedetails/23-Summit-St-Nyack-NY-10960/32385358_zpid/","","480000","04/04/2024","1070","sqft","448.6","3049","sqft","3","2","23 Summit Street","Nyack","10960","NY","USA"
"https://www.zillow.com/homedetails/17-Jolen-Dr-New-City-NY-10956/53403109_zpid/","","660000","04/04/2024","1894","sqft","348.47","0.35","acres","3","2","17 Jolen Drive","New City","10956","NY","USA"
"https://www.zillow.com/homedetails/6-Arthurs-Way-Chestnut-Ridge-NY-10977/53424938_zpid/","","1110000","04/04/2024","2661","sqft","417.14","0.87","acres","5","4","6 Arthurs Way","Chestnut Ridge","10977","NY","USA"
"https://www.zillow.com/homedetails/19-Hickory-Hill-Rd-Tappan-NY-10983/32395553_zpid/","","1025000","04/03/2024","1700","sqft","602.94","0.63","acres","3","2","19 Hickory Hill Road","Tappan","10983","NY","USA"
"https://www.zillow.com/homedetails/1-Jodi-Ln-New-City-NY-10956/53402412_zpid/","","705000","04/03/2024","1984","sqft","355.34","0.36","acres","4","3","1 Jodi Lane","New City","10956","NY","USA"
"https://www.zillow.com/homedetails/5-Balmoral-Dr-Chestnut-Ridge-NY-10977/53426197_zpid/","","870000","04/03/2024","2584","sqft","336.69","0.38","acres","5","3","5 Balmoral Drive","Chestnut Ridge","10977","NY","USA"
"https://www.zillow.com/homedetails/8-McGovern-Dr-Garnerville-NY-10923/32379416_zpid/","","563000","04/02/2024","1804","sqft","312.08","7841","sqft","4","2","8 Mcgovern Drive","Garnerville","10923","NY","USA"
"https://www.zillow.com/homedetails/150-Moison-Rd-N-Blauvelt-NY-10913/32391710_zpid/","","580000","04/02/2024","1808","sqft","320.8","0.4","acres","4","3","150 Moison Road N","Blauvelt","10913","NY","USA"
"https://www.zillow.com/homedetails/125-Kings-Hwy-Tappan-NY-10983/32395740_zpid/","","350000","04/02/2024","1250","sqft","280","0.61","acres","2","2","125 Kings Highway","Tappan","10983","NY","USA"
"https://www.zillow.com/homedetails/13-Huested-Ln-West-Nyack-NY-10994/53409497_zpid/","","726000","04/02/2024","2212","sqft","328.21","0.25","acres","4","3","13 Huested Lane","West Nyack","10994","NY","USA"
"https://www.zillow.com/homedetails/49-Cragmere-Rd-Airmont-NY-10901/53421574_zpid/","","1250000","04/02/2024","3559","sqft","351.22","0.91","acres","5","4","49 Cragmere Road","Airmont","10901","NY","USA"
"https://www.zillow.com/homedetails/54-Bocket-Rd-Pearl-River-NY-10965/32390303_zpid/","","590000","04/01/2024","756","sqft","780.42","0.4","acres","2","1","54 Bocket Road","Pearl River","10965","NY","USA"
"https://www.zillow.com/homedetails/72-Hayes-St-Blauvelt-NY-10913/32392021_zpid/","","565000","04/01/2024","1933","sqft","292.29","0.34","acres","4","3","72 Hayes Street","Blauvelt","10913","NY","USA"
"https://www.zillow.com/homedetails/918-Route-9w-S-Nyack-NY-10960/32392551_zpid/","","935000","04/01/2024","1972","sqft","474.14","1","acres","3","2","918 Route 9W S","Nyack","10960","NY","USA"
"https://www.zillow.com/homedetails/69-Cragmere-Rd-Airmont-NY-10901/53434779_zpid/","","650000","03/30/2024","1909","sqft","340.49","1.1","acres","3","2","69 Cragmere Road","Airmont","10901","NY","USA"
"https://www.zillow.com/homedetails/36-Key-Pl-Tappan-NY-10983/32394205_zpid/","","792500","03/29/2024","2496","sqft","317.51","0.28","acres","4","3","36 Key Place","Tappan","10983","NY","USA"
"https://www.zillow.com/homedetails/109-Buckberg-Mountain-Rd-Tomkins-Cove-NY-10986/32397099_zpid/","","575000","03/29/2024","2891","sqft","198.89","2","acres","3","3","109 Buckberg Mountain Road","Tomkins Cove","10986","NY","USA"
"https://www.zillow.com/homedetails/35-Park-Rd-Stony-Pt-NY-10980/32398689_zpid/","","379000","03/29/2024","1080","sqft","350.93","0.31","acres","3","2","35 Park Road","Stony Pt","10980","NY","USA"
"https://www.zillow.com/homedetails/339-Buena-Vista-Rd-New-City-NY-10956/53391747_zpid/","","535000","03/29/2024","1400","sqft","382.14","0.75","acres","3","2","339 Buena Vista Road","New City","10956","NY","USA"
"https://www.zillow.com/homedetails/46-Roberts-Rd-New-City-NY-10956/53392213_zpid/","","1035000","03/29/2024","4556","sqft","227.17","0.52","acres","4","4","46 Roberts Road","New City","10956","NY","USA"
"https://www.zillow.com/homedetails/297-N-Little-Tor-Rd-New-City-NY-10956/53392690_zpid/","","889000","03/29/2024","4058","sqft","219.07","0.6","acres","4","4","297 N Little Tor Road","New City","10956","NY","USA"
"https://www.zillow.com/homedetails/2-Tall-Pines-Ct-West-Nyack-NY-10994/53409410_zpid/","","1170000","03/29/2024","5952","sqft","196.57","0.96","acres","7","5","2 Tall Pines Court","West Nyack","10994","NY","USA"
"https://www.zillow.com/homedetails/13-Mansfield-Pl-Suffern-NY-10901/53420248_zpid/","","545000","03/29/2024","1560","sqft","349.36","5227","sqft","3","2","13 Mansfield Place","Suffern","10901","NY","USA"
"https://www.zillow.com/homedetails/15-Nicole-Way-Chestnut-Ridge-NY-10977/53426040_zpid/","","273200","03/29/2024","3082","sqft","88.64","0.8","acres","4","3","15 Nicole Way","Chestnut Ridge","10977","NY","USA"
"https://www.zillow.com/homedetails/139-Washington-Spring-Rd-Palisades-NY-10964/299039244_zpid/","","4250000","03/29/2024","8100","sqft","524.69","1.68","acres","6","7","139 Washington Spring Road","Palisades","10964","NY","USA"
"https://www.zillow.com/homedetails/1-Boecher-Ct-New-City-NY-10956/53396064_zpid/","","825025","03/28/2024","2678","sqft","308.08","0.53","acres","4","3","1 Boecher Court","New City","10956","NY","USA"
"https://www.zillow.com/homedetails/82-Demarest-Ave-APT-14-West-Nyack-NY-10994/53413650_zpid/","","325000","03/28/2024","900","sqft","361.11","3049","sqft","2","1","82 Demarest Ave APT 14","West Nyack","10994","NY","USA"
"https://www.zillow.com/homedetails/2-Prendergast-Ct-Garnerville-NY-10923/53416232_zpid/","","875000","03/28/2024","4196","sqft","208.53","0.38","acres","5","4","2 Prendergast Court","Garnerville","10923","NY","USA"
"https://www.zillow.com/homedetails/29-Hempstead-Rd-Spring-Valley-NY-10977/53424697_zpid/","","655000","03/28/2024","1125","sqft","582.22","7841","sqft","3","1","29 Hempstead Road","Spring Valley","10977","NY","USA"
"https://www.zillow.com/homedetails/31-Eagle-St-Chestnut-Ridge-NY-10977/53425021_zpid/","","1275000","03/28/2024","2480","sqft","514.11","0.87","acres","4","3","31 Eagle Street","Chestnut Ridge","10977","NY","USA"
"https://www.zillow.com/homedetails/108-Scotland-Hill-Rd-Spring-Valley-NY-10977/53425569_zpid/","","1500000","03/28/2024","2871","sqft","522.47","2.05","acres","4","3","108 Scotland Hill Rd","Spring Valley","10977","NY","USA"
"https://www.zillow.com/homedetails/8-Wallace-Dr-Chestnut-Ridge-NY-10977/53426721_zpid/","","850000","03/28/2024","2446","sqft","347.51","0.57","acres","4","3","8 Wallace Drive","Chestnut Ridge","10977","NY","USA"
"https://www.zillow.com/homedetails/6-Twin-Lakes-Dr-Airmont-NY-10952/53430206_zpid/","","50000","03/28/2024","1914","sqft","26.12","0.62","acres","4","3","6 Twin Lakes Dr","Airmont","10952","NY","USA"
"https://www.zillow.com/homedetails/6-Mirror-Lake-Rd-Spring-Valley-NY-10977/53434464_zpid/","","900000","03/28/2024","1186","sqft","758.85","0.54","acres","5","3","6 Mirror Lake Rd","Spring Valley","10977","NY","USA"
"https://www.zillow.com/homedetails/52-S-Lilburn-Dr-Garnerville-NY-10923/32382654_zpid/","","545000","03/27/2024","1960","sqft","278.06","0.26","acres","4","3","52 S Lilburn Drive","Garnerville","10923","NY","USA"
"https://www.zillow.com/homedetails/3-Getty-Rd-Stony-Pt-NY-10980/32400870_zpid/","","517455","03/27/2024","1440","sqft","359.34","5227","sqft","4","2","3 Getty Rd","Stony Pt","10980","NY","USA"
"https://www.zillow.com/homedetails/963-Haverstraw-Rd-Suffern-NY-10901/53422000_zpid/","","765000","03/27/2024","2026","sqft","377.59","1.22","acres","4","2","963 Haverstraw Rd","Suffern","10901","NY","USA"
"https://www.zillow.com/homedetails/100-S-Southgate-Dr-Spring-Valley-NY-10977/53424629_zpid/","","970000","03/27/2024","1840","sqft","527.17","0.37","acres","3","2","100 S Southgate Dr","Spring Valley","10977","NY","USA"
"https://www.zillow.com/homedetails/5-Long-Meadow-Dr-Airmont-NY-10952/53430565_zpid/","","900000","03/27/2024","2421","sqft","371.75","0.49","acres","4","3","5 Long Meadow Drive","Airmont","10952","NY","USA"
"https://www.zillow.com/homedetails/169-N-Little-Tor-Rd-New-City-NY-10956/143816229_zpid/","","712000","03/27/2024","4037","sqft","176.37","0.34","acres","4","4","169 N Little Tor Road","New City","10956","NY","USA"
"https://www.zillow.com/homedetails/180-S-Harrison-Ave-Congers-NY-10920/53403683_zpid/","","420000","03/26/2024","992","sqft","423.39","6098","sqft","3","1","180 S Harrison Avenue","Congers","10920","NY","USA"
"https://www.zillow.com/homedetails/3-Park-Ter-Valley-Cottage-NY-10989/53404073_zpid/","","490000","03/26/2024","1668","sqft","293.76","0.35","acres","","1.5","3 Park Ter","Valley Cottage","10989","NY","USA"
"https://www.zillow.com/homedetails/15-Oakdale-Mnr-Suffern-NY-10901/53420930_zpid/","","575000","03/26/2024","1764","sqft","325.96","6970","sqft","4","2","15 Oakdale Manor","Suffern","10901","NY","USA"
"https://www.zillow.com/homedetails/36-Briarcliff-Dr-Monsey-NY-10952/53435193_zpid/","","1200000","03/26/2024","2153","sqft","557.36","0.32","acres","3","2","36 Briarcliff Dr","Monsey","10952","NY","USA"
"https://www.zillow.com/homedetails/5-Keim-Dr-Pomona-NY-10970/32382053_zpid/","","440000","03/25/2024","1536","sqft","286.46","0.7","acres","4","2","5 Keim Dr","Pomona","10970","NY","USA"
"https://www.zillow.com/homedetails/70-Yale-Ter-Blauvelt-NY-10913/32391689_zpid/","","1084321","03/25/2024","2682","sqft","404.3","0.44","acres","4","2.5","70 Yale Ter","Blauvelt","10913","NY","USA"
"https://www.zillow.com/homedetails/24-Pyngyp-Rd-Stony-Pt-NY-10980/32397491_zpid/","","915000","03/25/2024","4355","sqft","210.1","1.39","acres","5","4","24 Pyngyp Road","Stony Pt","10980","NY","USA"
"https://www.zillow.com/homedetails/309-Fulle-Dr-Valley-Cottage-NY-10989/53405023_zpid/","","596300","03/25/2024","1260","sqft","473.25","0.5","acres","3","2","309 Fulle Drive","Valley Cottage","10989","NY","USA"
"https://www.zillow.com/homedetails/95-Margaret-Keahon-Dr-Pearl-River-NY-10965/32387451_zpid/","","555000","03/22/2024","2038","sqft","272.33","0.36","acres","3","2","95 Margaret Keahon Drive","Pearl River","10965","NY","USA"
"https://www.zillow.com/homedetails/501-Gilbert-Ave-Pearl-River-NY-10965/32390886_zpid/","","930000","03/22/2024","3216","sqft","289.18","0.38","acres","5","4","501 Gilbert Avenue","Pearl River","10965","NY","USA"
"https://www.zillow.com/homedetails/173-Rutgers-Rd-E-Orangeburg-NY-10962/32393699_zpid/","","700000","03/22/2024","2659","sqft","263.26","0.36","acres","4","3","173 Rutgers Road E","Orangeburg","10962","NY","USA"
"https://www.zillow.com/homedetails/12-Pyngyp-Rd-Stony-Pt-NY-10980/32397497_zpid/","","865000","03/22/2024","3842","sqft","225.14","1.73","acres","5","4","12 Pyngyp Road","Stony Pt","10980","NY","USA"
"https://www.zillow.com/homedetails/779-Sequoia-Dr-Valley-Cottage-NY-10989/53405350_zpid/","","540000","03/22/2024","2512","sqft","214.97","0.34","acres","","2","779 Sequoia Dr","Valley Cottage","10989","NY","USA"
"https://www.zillow.com/homedetails/951-Haverstraw-Rd-Suffern-NY-10901/53421998_zpid/","","621240","03/22/2024","1815","sqft","342.28","1.42","acres","2","2","951 Haverstraw Rd","Suffern","10901","NY","USA"
"https://www.zillow.com/homedetails/28-Ross-Ave-Spring-Valley-NY-10977/53426089_zpid/","","696000","03/22/2024","2104","sqft","330.8","0.34","acres","4","2","28 Ross Avenue","Spring Valley","10977","NY","USA"
"https://www.zillow.com/homedetails/14-Rochelle-Ln-Spring-Valley-NY-10977/66886963_zpid/","","2400000","03/22/2024","4201","sqft","571.29","0.81","acres","9","7","14 Rochelle Lane","Spring Valley","10977","NY","USA"
"https://www.zillow.com/homedetails/32-Morton-St-Garnerville-NY-10923/32380533_zpid/","","540000","03/21/2024","1960","sqft","275.51","10454","sqft","5","3","32 Morton Street","Garnerville","10923","NY","USA"
"https://www.zillow.com/homedetails/7-S-Central-Hwy-Garnerville-NY-10923/32384195_zpid/","","605000","03/21/2024","2330","sqft","259.66","10019","sqft","7","4","7 S Central Highway","Garnerville","10923","NY","USA"
"https://www.zillow.com/homedetails/340-N-Main-St-New-City-NY-10956/53393036_zpid/","","975000","03/21/2024","3193","sqft","305.36","0.62","acres","5","3","340 N Main Street","New City","10956","NY","USA"
"https://www.zillow.com/homedetails/8-Williams-St-New-City-NY-10956/53402199_zpid/","","567000","03/21/2024","1296","sqft","437.5","0.49","acres","4","2","8 Williams Street","New City","10956","NY","USA"
"https://www.zillow.com/homedetails/460-Christian-Herald-Rd-Valley-Cottage-NY-10989/53410917_zpid/","","515000","03/21/2024","1406","sqft","366.29","0.4","acres","3","2","460 Christian Herald Road","Valley Cottage","10989","NY","USA"
"https://www.zillow.com/homedetails/3-Badger-St-Spring-Valley-NY-10977/53426749_zpid/","","35000","03/21/2024","1955","sqft","17.9","0.63","acres","4","2","3 Badger St","Spring Valley","10977","NY","USA"
"https://www.zillow.com/homedetails/96-College-Rd-Monsey-NY-10952/53432319_zpid/","","910000","03/21/2024","2702","sqft","336.79","0.53","acres","4","2","96 College Rd","Monsey","10952","NY","USA"
"https://www.zillow.com/homedetails/548-Mountainview-Ave-Valley-Cottage-NY-10989/80014928_zpid/","","678000","03/21/2024","2989","sqft","226.83","3484","sqft","3","3","548 Mountainview Ave","Valley Cottage","10989","NY","USA"
"https://www.zillow.com/homedetails/36-55-Old-Nyack-Tpke-Nanuet-NY-10954/143826407_zpid/","","316000","03/21/2024","","","","","","","","36-55 Old Nyack Tpke","Nanuet","10954","NY","USA"
"https://www.zillow.com/homedetails/282-South-Broadway-Nyack-NY-10960/338736528_zpid/","","1175000","03/21/2024","2150","sqft","546.51","0.48","acres","","","282 South Broadway","Nyack","10960","NY","USA"
"https://www.zillow.com/homedetails/4-Scher-Dr-New-City-NY-10956/53393200_zpid/","","660000","03/20/2024","2044","sqft","322.9","0.51","acres","4","2","4 Scher Drive","New City","10956","NY","USA"
"https://www.zillow.com/homedetails/71-Ridge-Rd-New-City-NY-10956/53397384_zpid/","","500000","03/20/2024","1311","sqft","381.39","1.86","acres","3","2","71 Ridge Road","New City","10956","NY","USA"
"https://www.zillow.com/homedetails/16-Church-Rd-Suffern-NY-10901/53428861_zpid/","","720000","03/20/2024","1847","sqft","389.82","0.41","acres","4","1.5","16 Church Rd","Suffern","10901","NY","USA"
"https://www.zillow.com/homedetails/51-N-Liberty-Dr-Stony-Point-NY-10980/143889799_zpid/","","610000","03/20/2024","1320","sqft","462.12","0.27","acres","","","51 N Liberty Dr","Stony Point","10980","NY","USA"
"https://www.zillow.com/homedetails/5-Roman-Acres-Dr-Garnerville-NY-10923/32382582_zpid/","","575000","03/19/2024","1960","sqft","293.37","0.27","acres","4","3","5 Roman Acres Drive","Garnerville","10923","NY","USA"
"https://www.zillow.com/homedetails/14-Valley-Dr-Thiells-NY-10984/32382994_zpid/","","925000","03/19/2024","2806","sqft","329.65","0.59","acres","4","3","14 Valley Drive","Thiells","10984","NY","USA"
"https://www.zillow.com/homedetails/2-Livingston-Pl-Nyack-NY-10960/32386700_zpid/","","550000","03/19/2024","1056","sqft","520.83","3920","sqft","3","1","2 Livingston Place","Nyack","10960","NY","USA"
"https://www.zillow.com/homedetails/229-E-Townline-Rd-West-Nyack-NY-10994/32387123_zpid/","","600000","03/19/2024","2540","sqft","236.22","0.92","acres","4","3","229 E Townline Road","West Nyack","10994","NY","USA"
"https://www.zillow.com/homedetails/21-Bender-Rd-New-City-NY-10956/53399660_zpid/","","742000","03/19/2024","1913","sqft","387.87","0.34","acres","4","3","21 Bender Road","New City","10956","NY","USA"
"https://www.zillow.com/homedetails/74-Medway-Ave-Congers-NY-10920/53403770_zpid/","","680000","03/19/2024","2380","sqft","285.71","10019","sqft","5","3","74 Medway Avenue","Congers","10920","NY","USA"
"https://www.zillow.com/homedetails/24-Chestnut-Ave-Hillburn-NY-10931/53416769_zpid/","","320000","03/19/2024","977","sqft","327.53","7405","sqft","3","2","24 Chestnut Avenue","Hillburn","10931","NY","USA"
"https://www.zillow.com/homedetails/6-Wood-Ln-Suffern-NY-10901/53422217_zpid/","","885000","03/19/2024","2362","sqft","374.68","0.8","acres","5","3","6 Wood Lane","Suffern","10901","NY","USA"
"https://www.zillow.com/homedetails/30-Fessler-Dr-Spring-Valley-NY-10977/53424390_zpid/","","990000","03/19/2024","2144","sqft","461.75","0.94","acres","4","4","30 Fessler Dr","Spring Valley","10977","NY","USA"
"https://www.zillow.com/homedetails/109-Scotland-Hill-Rd-Chestnut-Ridge-NY-10977/53425585_zpid/","","735000","03/19/2024","2970","sqft","247.47","0.65","acres","5","3","109 Scotland Hill Road","Chestnut Ridge","10977","NY","USA"
"https://www.zillow.com/homedetails/32-Mariner-Way-Monsey-NY-10952/53431325_zpid/","","1300000","03/19/2024","3208","sqft","405.24","0.35","acres","6","3","32 Mariner Way","Monsey","10952","NY","USA"
"https://www.zillow.com/homedetails/26-Carriage-Ln-Spring-Valley-NY-10977/53432965_zpid/","","785000","03/19/2024","2040","sqft","384.8","0.27","acres","4","2","26 Carriage Ln","Spring Valley","10977","NY","USA"
"https://www.zillow.com/homedetails/18-Tioken-Rd-Spring-Valley-NY-10977/53433072_zpid/","","895000","03/19/2024","2430","sqft","368.31","0.39","acres","4","4","18 Tioken Rd","Spring Valley","10977","NY","USA"
"https://www.zillow.com/homedetails/2-Pine-Dr-Thiells-NY-10984/32382465_zpid/","","550000","03/18/2024","1924","sqft","285.86","0.28","acres","4","3","2 Pine Drive","Thiells","10984","NY","USA"
"https://www.zillow.com/homedetails/30-Terrace-Dr-Nyack-NY-10960/32386487_zpid/","","700000","03/18/2024","2040","sqft","343.14","0.33","acres","5","3","30 Terrace Dr","Nyack","10960","NY","USA"
"https://www.zillow.com/homedetails/226-Sickletown-Rd-West-Nyack-NY-10994/53415331_zpid/","","2800000","03/18/2024","6690","sqft","418.54","2.69","acres","6","6.5","226 Sickletown Rd","West Nyack","10994","NY","USA"
"https://www.zillow.com/homedetails/11-Sunderland-Pl-Suffern-NY-10901/53421511_zpid/","","740000","03/18/2024","2584","sqft","286.38","0.53","acres","4","3","11 Sunderland Place","Suffern","10901","NY","USA"
"https://www.zillow.com/homedetails/55-N-Lorna-Ln-Suffern-NY-10901/53428924_zpid/","","950000","03/18/2024","3910","sqft","242.97","0.67","acres","5","3","55 N Lorna Lane","Suffern","10901","NY","USA"
"https://www.zillow.com/homedetails/86-Maple-Ave-New-City-NY-10956/2074321938_zpid/","","1300000","03/18/2024","","","","","","","","86 Maple Ave","New City","10956","NY","USA"
"https://www.zillow.com/homedetails/105-Castle-Heights-Ave-Nyack-NY-10960/53391391_zpid/","","788000","03/15/2024","1523","sqft","517.4","0.26","acres","3","2","105 Castle Heights Avenue","Nyack","10960","NY","USA"
"https://www.zillow.com/homedetails/8-Carriage-Ln-New-City-NY-10956/53400392_zpid/","","621500","03/15/2024","1844","sqft","337.04","0.46","acres","4","3","8 Carriage Lane","New City","10956","NY","USA"
"https://www.zillow.com/homedetails/138-Orange-Tpke-Sloatsburg-NY-10974/71198377_zpid/","","480000","03/15/2024","","","","2178","sqft","","","138 Orange Tpke","Sloatsburg","10974","NY","USA"
"https://www.zillow.com/homedetails/64-Capt-Shankey-Dr-Garnerville-NY-10923/32380206_zpid/","","537862","03/14/2024","1018","sqft","528.35","7840","sqft","3","1","64 Capt Shankey Dr","Garnerville","10923","NY","USA"
"https://www.zillow.com/homedetails/15-Ethan-Allen-Ct-Orangeburg-NY-10962/32394167_zpid/","","767000","03/14/2024","2994","sqft","256.18","0.35","acres","5","4","15 Ethan Allen Court","Orangeburg","10962","NY","USA"
"https://www.zillow.com/homedetails/119-Old-Haverstraw-Rd-Congers-NY-10920/53397449_zpid/","","717000","03/14/2024","2718","sqft","263.8","0.7","acres","5","3","119 Old Haverstraw Road","Congers","10920","NY","USA"
"https://www.zillow.com/homedetails/46-Pascack-Rd-Pearl-River-NY-10965/53426885_zpid/","","600000","03/14/2024","2010","sqft","298.51","0.62","acres","3","2","46 Pascack Road","Pearl River","10965","NY","USA"
"https://www.zillow.com/homedetails/34-S-Parker-Dr-Monsey-NY-10952/53431078_zpid/","","725000","03/14/2024","1839","sqft","394.24","0.7","acres","4","2","34 S Parker Dr","Monsey","10952","NY","USA"
"https://www.zillow.com/homedetails/82-Hempstead-Rd-Spring-Valley-NY-10977/53432903_zpid/","","789000","03/14/2024","2808","sqft","280.98","0.84","acres","7","2","82 Hempstead Road","Spring Valley","10977","NY","USA"
"https://www.zillow.com/homedetails/27-Lime-Kiln-Rd-Suffern-NY-10901/84109121_zpid/","","999000","03/14/2024","4894","sqft","204.13","1.35","acres","6","4","27 Lime Kiln Rd","Suffern","10901","NY","USA"
"https://www.zillow.com/homedetails/74-Fillmore-St-Pearl-River-NY-10965/32388042_zpid/","","700000","03/13/2024","2077","sqft","337.02","0.57","acres","4","1.5","74 Fillmore St","Pearl River","10965","NY","USA"
"https://www.zillow.com/homedetails/9-Zeck-Ct-Suffern-NY-10901/53427377_zpid/","","1129000","03/13/2024","4181","sqft","270.03","0.75","acres","5","6","9 Zeck Court","Suffern","10901","NY","USA"
"https://www.zillow.com/homedetails/114-Route-59-Suffern-NY-10901/53428324_zpid/","","1300000","03/13/2024","1214","sqft","1070.84","0.93","acres","3","2","114 Route 59","Suffern","10901","NY","USA"
"https://www.zillow.com/homedetails/75-Carlton-Rd-Monsey-NY-10952/53432317_zpid/","","1300000","03/13/2024","2277","sqft","570.93","0.6","acres","4","4","75 Carlton Rd","Monsey","10952","NY","USA"
"https://www.zillow.com/homedetails/15-Milford-Ln-APT-7205-Suffern-NY-10901/2056629907_zpid/","","175000","03/13/2024","","","","","","","","15 Milford Ln APT 7205","Suffern","10901","NY","USA"
"https://www.zillow.com/homedetails/8-Tulip-Tree-Dr-Garnerville-NY-10923/32384218_zpid/","","519400","03/12/2024","1464","sqft","354.78","9583","sqft","4","1","8 Tulip Tree Dr","Garnerville","10923","NY","USA"
"https://www.zillow.com/homedetails/17-Lester-Dr-Orangeburg-NY-10962/32393791_zpid/","","700000","03/12/2024","1845","sqft","379.4","8276","sqft","4","3","17 Lester Drive","Orangeburg","10962","NY","USA"
"https://www.zillow.com/homedetails/22-John-F-Kennedy-Dr-Stony-Pt-NY-10980/32398256_zpid/","","630000","03/12/2024","1944","sqft","324.07","0.34","acres","4","3","22 John F Kennedy Drive","Stony Pt","10980","NY","USA"
"https://www.zillow.com/homedetails/1-Scotford-St-Spring-Valley-NY-10977/53423841_zpid/","","800000","03/12/2024","1777","sqft","450.2","0.56","acres","4","2","1 Scotford St","Spring Valley","10977","NY","USA"
"https://www.zillow.com/homedetails/73-Campbell-Ave-Airmont-NY-10901/53428528_zpid/","","560000","03/12/2024","2189","sqft","255.82","0.71","acres","5","2","73 Campbell Ave","Airmont","10901","NY","USA"
"https://www.zillow.com/homedetails/9-Echo-Ridge-Rd-Airmont-NY-10952/53430290_zpid/","","835000","03/12/2024","1673","sqft","499.1","0.6","acres","3","2","9 Echo Ridge Road","Airmont","10952","NY","USA"
"https://www.zillow.com/homedetails/64-Tamarack-Ln-Pomona-NY-10970/32381936_zpid/","","695000","03/11/2024","2585","sqft","268.86","0.57","acres","4","4","64 Tamarack Lane","Pomona","10970","NY","USA"
"https://www.zillow.com/homedetails/167-Prospect-Pl-Pearl-River-NY-10965/32389029_zpid/","","640000","03/11/2024","1926","sqft","332.29","9583","sqft","3","3","167 Prospect Place","Pearl River","10965","NY","USA"
"https://www.zillow.com/homedetails/25-Liberty-Rd-Tappan-NY-10983/32394845_zpid/","","480000","03/11/2024","2422","sqft","198.18","0.34","acres","4","3","25 Liberty Road","Tappan","10983","NY","USA"
"https://www.zillow.com/homedetails/17-Jay-St-Spring-Valley-NY-10977/53419695_zpid/","","500000","03/11/2024","1322","sqft","378.21","10019","sqft","4","2","17 Jay Street","Spring Valley","10977","NY","USA"
"https://www.zillow.com/homedetails/5-Birch-St-Airmont-NY-10952/53429685_zpid/","","399000","03/11/2024","1418","sqft","281.38","0.27","acres","3","1","5 Birch St","Airmont","10952","NY","USA"
"https://www.zillow.com/homedetails/2-Harmony-Rd-Spring-Valley-NY-10977/53433175_zpid/","","700000","03/11/2024","2602","sqft","269.02","0.28","acres","4","3","2 Harmony Rd","Spring Valley","10977","NY","USA"
"https://www.zillow.com/homedetails/14-Stewart-Pl-Spring-Valley-NY-10977/53433351_zpid/","","652000","03/11/2024","1693","sqft","385.12","0.26","acres","3","2","14 Stewart Place","Spring Valley","10977","NY","USA"
"https://www.zillow.com/homedetails/209-Jewett-Rd-Nyack-NY-10960/102089026_zpid/","","1150000","03/11/2024","3235","sqft","355.49","0.43","acres","5","3","209 Jewett Road","Nyack","10960","NY","USA"
"https://www.zillow.com/homedetails/15-Christie-Dr-New-City-NY-10956/53392930_zpid/","","775000","03/08/2024","2452","sqft","316.07","0.72","acres","6","3","15 Christie Drive","New City","10956","NY","USA"
"https://www.zillow.com/homedetails/539-Kings-Hwy-Valley-Cottage-NY-10989/53410725_zpid/","","542000","03/08/2024","1392","sqft","389.37","0.32","acres","3","2","539 Kings Highway","Valley Cottage","10989","NY","USA"
"https://www.zillow.com/homedetails/140-Orange-Tpke-Sloatsburg-NY-10974/53417166_zpid/","","480000","03/08/2024","2048","sqft","234.38","7501","sqft","3","3","140 Orange Turnpike","Sloatsburg","10974","NY","USA"
"https://www.zillow.com/homedetails/12-Hastings-Rd-Monsey-NY-10952/53423096_zpid/","","442000","03/08/2024","2170","sqft","203.69","0.84","acres","4","2","12 Hastings Rd","Monsey","10952","NY","USA"
"https://www.zillow.com/homedetails/8-Caroll-Dr-Suffern-NY-10901/53427140_zpid/","","850000","03/08/2024","2357","sqft","360.63","0.69","acres","4","3","8 Caroll Drive","Suffern","10901","NY","USA"
"https://www.zillow.com/homedetails/6-N-Lorna-Ln-Monsey-NY-10952/2053352939_zpid/","","820000","03/08/2024","1848","sqft","443.72","0.69","acres","4","2","6 N Lorna Lane","Monsey","10952","NY","USA"
"https://www.zillow.com/homedetails/21-5th-Ave-Nyack-NY-10960/32385018_zpid/","","1095000","03/07/2024","2946","sqft","371.69","8712","sqft","3","3","21 5th Avenue","Nyack","10960","NY","USA"
"https://www.zillow.com/homedetails/25-Hearthston-Ln-Monsey-NY-10952/53425406_zpid/","","1400000","03/07/2024","3000","sqft","466.67","0.62","acres","6","4","25 Hearthston Lane","Monsey","10952","NY","USA"
"https://www.zillow.com/homedetails/12-Ross-Ave-Chestnut-Ridge-NY-10977/53426290_zpid/","","30000","03/07/2024","2126","sqft","14.11","0.38","acres","4","3","12 Ross Ave","Chestnut Ridge","10977","NY","USA"
"https://www.zillow.com/homedetails/21-Mary-Beth-Dr-Airmont-NY-10901/53428365_zpid/","","815000","03/07/2024","2174","sqft","374.89","1.11","acres","4","3","21 Mary Beth Drive","Airmont","10901","NY","USA"
"https://www.zillow.com/homedetails/129-Ridge-Rd-Valley-Cottage-NY-10989/143823912_zpid/","","775999","03/07/2024","3084","sqft","251.62","0.62","acres","4","3","129 Ridge Road","Valley Cottage","10989","NY","USA"
"https://www.zillow.com/homedetails/36-40-N-Middletown-Rd-Nanuet-NY-10954/143829186_zpid/","","1313000","03/07/2024","4360","sqft","301.15","0.55","acres","","","36-40 N Middletown Rd","Nanuet","10954","NY","USA"
"https://www.zillow.com/homedetails/89-Washington-St-Nyack-NY-10960/32386291_zpid/","","680000","03/06/2024","1320","sqft","515.15","6970","sqft","3","2","89 Washington Street","Nyack","10960","NY","USA"
"https://www.zillow.com/homedetails/211-Wanamaker-Ln-Nyack-NY-10960/53391232_zpid/","","995000","03/06/2024","2462","sqft","404.14","0.72","acres","4","4","211 Wanamaker Lane","Nyack","10960","NY","USA"
"https://www.zillow.com/homedetails/32-Oxford-Ct-Spring-Valley-NY-10977/53436351_zpid/","","770000","03/06/2024","1798","sqft","428.25","0.35","acres","4","2","32 Oxford Court","Spring Valley","10977","NY","USA"
"https://www.zillow.com/homedetails/30-Farley-Dr-Stony-Pt-NY-10980/32398824_zpid/","","320000","03/05/2024","1595","sqft","200.63","0.28","acres","3","1.5","30 Farley Dr","Stony Pt","10980","NY","USA"
"https://www.zillow.com/homedetails/3-Humming-Bird-Ln-Stony-Pt-NY-10980/32400554_zpid/","","525000","03/05/2024","1344","sqft","390.63","0.31","acres","3","","3 Humming Bird Ln","Stony Pt","10980","NY","USA"
"https://www.zillow.com/homedetails/1-Church-La-Vall-K-Valley-Valley-Cottage-NY-10989/53405175_zpid/","","240000","03/05/2024","805","sqft","298.14","3049","sqft","1","1","1 Church La Vall K Valley","Valley Cottage","10989","NY","USA"
"https://www.zillow.com/homedetails/50-E-Maltbie-Ave-Suffern-NY-10901/53420263_zpid/","","280000","03/05/2024","2132","sqft","131.33","10018","sqft","5","2","50 E Maltbie Ave","Suffern","10901","NY","USA"
"https://www.zillow.com/homedetails/7-Yorkshire-Dr-Suffern-NY-10901/53421467_zpid/","","699000","03/05/2024","2498","sqft","279.82","0.37","acres","4","3","7 Yorkshire Drive","Suffern","10901","NY","USA"
"https://www.zillow.com/homedetails/11-Wood-Ln-Suffern-NY-10901/53422215_zpid/","","785000","03/05/2024","2532","sqft","310.03","0.88","acres","4","3","11 Wood Lane","Suffern","10901","NY","USA"
"https://www.zillow.com/homedetails/2-Shady-Ridge-Ln-Spring-Valley-NY-10977/53423383_zpid/","","905000","03/05/2024","2102","sqft","430.54","0.73","acres","5","3","2 Shady Ridge Lane","Spring Valley","10977","NY","USA"
"https://www.zillow.com/homedetails/79-S-Southgate-Dr-Spring-Valley-NY-10977/53424378_zpid/","","1860000","03/05/2024","4077","sqft","456.22","0.35","acres","6","4","79 S Southgate Drive","Spring Valley","10977","NY","USA"
"https://www.zillow.com/homedetails/3-Overhill-Rd-Monsey-NY-10952/53432648_zpid/","","1300000","03/05/2024","2590","sqft","501.93","0.31","acres","4","3","3 Overhill Rd","Monsey","10952","NY","USA"
"https://www.zillow.com/homedetails/20-Hempstead-Rd-Spring-Valley-NY-10977/53433685_zpid/","","999990","03/05/2024","1420","sqft","704.22","0.55","acres","2","2","20 Hempstead Road","Spring Valley","10977","NY","USA"
"https://www.zillow.com/homedetails/14-Michele-Ct-Spring-Valley-NY-10977/53434427_zpid/","","730000","03/05/2024","1950","sqft","374.36","0.29","acres","5","2","14 Michele Court","Spring Valley","10977","NY","USA"
"https://www.zillow.com/homedetails/14-Cornell-Dr-Bardonia-NY-10954/53403219_zpid/","","859000","03/04/2024","2894","sqft","296.82","0.44","acres","4","4","14 Cornell Drive","Bardonia","10954","NY","USA"
"https://www.zillow.com/homedetails/1-Laura-Pl-Spring-Valley-NY-10977/53418937_zpid/","","610000","03/04/2024","1778","sqft","343.08","6534","sqft","5","1","1 Laura Pl","Spring Valley","10977","NY","USA"
"https://www.zillow.com/homedetails/3-Fawn-Ln-Suffern-NY-10901/53422343_zpid/","","350000","03/04/2024","2240","sqft","156.25","0.8","acres","3","3","3 Fawn Ln","Suffern","10901","NY","USA"
"https://www.zillow.com/homedetails/554-Mountainview-Ave-Valley-Cottage-NY-10989/80017023_zpid/","","678000","03/04/2024","2989","sqft","226.83","3484","sqft","3","3","554 Mountainview Ave","Valley Cottage","10989","NY","USA"
"https://www.zillow.com/homedetails/20-N-Main-St-Pearl-River-NY-10965/143851126_zpid/","","645000","03/04/2024","1282","sqft","503.12","4356","sqft","1","2","20 N Main Street","Pearl River","10965","NY","USA"
"https://www.zillow.com/homedetails/5-Miranda-Dr-Valley-Cottage-NY-10989/2086106763_zpid/","","995000","03/04/2024","2500","sqft","398","","","4","3","5 Miranda Drive","Valley Cottage","10989","NY","USA"
"https://www.zillow.com/homedetails/24-Johnsontown-Rd-Sloatsburg-NY-10974/53417276_zpid/","","520000","03/02/2024","2544","sqft","204.4","0.89","acres","3","2","24 Johnsontown Road","Sloatsburg","10974","NY","USA"
"https://www.zillow.com/homedetails/23-Route-340-Orangeburg-NY-10962/32393528_zpid/","","525000","03/01/2024","1494","sqft","351.41","0.52","acres","3","1.5","23 Route 340","Orangeburg","10962","NY","USA"
"https://www.zillow.com/homedetails/309-Front-St-Nyack-NY-10960/53391326_zpid/","","562000","03/01/2024","1186","sqft","473.86","4792","sqft","3","2","309 Front Street","Nyack","10960","NY","USA"
"https://www.zillow.com/homedetails/15-Hemlock-Trl-New-City-NY-10956/53391688_zpid/","","820000","03/01/2024","2960","sqft","277.03","1.84","acres","3","4","15 Hemlock Trail","New City","10956","NY","USA"
"https://www.zillow.com/homedetails/144-Waters-Edge-Congers-NY-10920/53403420_zpid/","","805000","03/01/2024","2436","sqft","330.46","0.52","acres","4","3","144 Waters Edge","Congers","10920","NY","USA"
"https://www.zillow.com/homedetails/11-Jolliffe-Ln-Congers-NY-10920/53403930_zpid/","","365000","03/01/2024","1192","sqft","306.21","0.35","acres","2","1","11 Jolliffe Lane","Congers","10920","NY","USA"
"https://www.zillow.com/homedetails/13-Sable-Ct-West-Nyack-NY-10994/53410471_zpid/","","625000","03/01/2024","2482","sqft","251.81","0.49","acres","5","2","13 Sable Court","West Nyack","10994","NY","USA"
"https://www.zillow.com/homedetails/21-Louise-Dr-West-Nyack-NY-10994/53412041_zpid/","","630000","03/01/2024","1587","sqft","396.98","0.34","acres","3","2","21 Louise Drive","West Nyack","10994","NY","USA"
"https://www.zillow.com/homedetails/13-S-Park-Ave-Nanuet-NY-10954/53412724_zpid/","","625000","03/01/2024","1936","sqft","322.83","0.32","acres","4","2","13 S Park Avenue","Nanuet","10954","NY","USA"
"https://www.zillow.com/homedetails/13-Kreuz-Dr-West-Nyack-NY-10994/53415214_zpid/","","582000","03/01/2024","1758","sqft","331.06","0.35","acres","4","2","13 Kreuz Dr","West Nyack","10994","NY","USA"
"https://www.zillow.com/homedetails/5-Lark-Ln-Spring-Valley-NY-10977/53425004_zpid/","","1050000","03/01/2024","2441","sqft","430.15","0.61","acres","4","3","5 Lark Lane","Spring Valley","10977","NY","USA"
"https://www.zillow.com/homedetails/69-Mountain-Ave-Hillburn-NY-10931/66884919_zpid/","","608000","03/01/2024","1820","sqft","334.07","0.57","acres","3","4","69 Mountain Avenue","Hillburn","10931","NY","USA"
"https://www.zillow.com/homedetails/147-Ridge-St-Pearl-River-NY-10965/32389200_zpid/","","600000","02/29/2024","1546","sqft","388.1","5227","sqft","3","2","147 Ridge Street","Pearl River","10965","NY","USA"
"https://www.zillow.com/homedetails/61-White-St-Spring-Valley-NY-10977/53391586_zpid/","","552000","02/29/2024","1008","sqft","547.62","7405","sqft","3","1","61 White Street","Spring Valley","10977","NY","USA"
"https://www.zillow.com/homedetails/24-Pelham-Ave-Nanuet-NY-10954/53414512_zpid/","","740000","02/29/2024","3146","sqft","235.22","0.44","acres","5","4","24 Pelham Avenue","Nanuet","10954","NY","USA"
"https://www.zillow.com/homedetails/7-Wilbur-Rd-Montebello-NY-10901/66887841_zpid/","","1525000","02/29/2024","4266","sqft","357.48","1.3","acres","5","5","7 Wilbur Rd","Montebello","10901","NY","USA"
"https://www.zillow.com/homedetails/16-Cricketown-Rd-Stony-Point-NY-10980/143889144_zpid/","","585000","02/29/2024","1650","sqft","354.55","0.33","acres","4","2","16 Cricketown Road","Stony point","10980","NY","USA"
"https://www.zillow.com/homedetails/117-Prospect-Pl-Pearl-River-NY-10965/32389036_zpid/","","895000","02/28/2024","2682","sqft","333.71","6970","sqft","4","3","117 Prospect Place","Pearl River","10965","NY","USA"
"https://www.zillow.com/homedetails/27-Hale-Pl-Tappan-NY-10983/32394258_zpid/","","702000","02/28/2024","2541","sqft","276.27","0.33","acres","4","3","27 Hale Place","Tappan","10983","NY","USA"
"https://www.zillow.com/homedetails/58-Cinder-Rd-Stony-Pt-NY-10980/32400737_zpid/","","675000","02/28/2024","1677","sqft","402.5","0.45","acres","3","2","58 Cinder Road","Stony Pt","10980","NY","USA"
"https://www.zillow.com/homedetails/34-Old-Hempstead-Rd-New-City-NY-10956/53396029_zpid/","","305000","02/28/2024","3030","sqft","100.66","0.41","acres","4","4","34 Old Hempstead Rd","New City","10956","NY","USA"
"https://www.zillow.com/homedetails/4-Kingston-Dr-Spring-Valley-NY-10977/53423703_zpid/","","899999","02/28/2024","2040","sqft","441.18","0.76","acres","4","3","4 Kingston Drive","Spring Valley","10977","NY","USA"
"https://www.zillow.com/homedetails/531-New-Hempstead-Rd-Spring-Valley-NY-10977/53424093_zpid/","","875000","02/28/2024","1817","sqft","481.56","1.74","acres","3","3","531 New Hempstead Road","Spring Valley","10977","NY","USA"
"https://www.zillow.com/homedetails/964-Chestnut-Ridge-Rd-Chestnut-Ridge-NY-10977/53426422_zpid/","","690000","02/28/2024","1298","sqft","531.59","0.57","acres","3","2","964 Chestnut Ridge Road","Chestnut Ridge","10977","NY","USA"
"https://www.zillow.com/homedetails/18-Inwood-Dr-Spring-Valley-NY-10977/53434169_zpid/","","810000","02/28/2024","1280","sqft","632.81","0.63","acres","4","1","18 Inwood Dr","Spring Valley","10977","NY","USA"
"https://www.zillow.com/homedetails/79-Highview-Rd-Suffern-NY-10901/53434872_zpid/","","999000","02/28/2024","2244","sqft","445.19","0.69","acres","5","2","79 Highview Rd","Suffern","10901","NY","USA"
"https://www.zillow.com/homedetails/8-Mansfield-Ave-Nyack-NY-10960/101972390_zpid/","","1220000","02/28/2024","2700","sqft","451.85","6534","sqft","5","4","8 Mansfield Avenue","Nyack","10960","NY","USA"
"https://www.zillow.com/homedetails/65-E-Main-St-Stony-Pt-NY-10980/143889953_zpid/","","330000","02/28/2024","1355","sqft","243.54","8276","sqft","","","65 E Main St","Stony Pt","10980","NY","USA"
"https://www.zillow.com/homedetails/4-Sunnyridge-Ct-Chestnut-Ridge-NY-10977/53425772_zpid/","","1110000","02/27/2024","2432","sqft","456.41","0.94","acres","5","4","4 Sunnyridge Court","Chestnut Ridge","10977","NY","USA"
"https://www.zillow.com/homedetails/47-Regina-Rd-Airmont-NY-10952/53429569_zpid/","","999000","02/27/2024","2828","sqft","353.25","0.57","acres","4","4","47 Regina Road","Airmont","10952","NY","USA"
"https://www.zillow.com/homedetails/28-Chestnut-St-Stony-Point-NY-10980/102008282_zpid/","","165000","02/27/2024","2300","sqft","71.74","0.29","acres","4","3","28 Chestnut St","Stony Point","10980","NY","USA"
"https://www.zillow.com/homedetails/2-Mountain-Ct-Haverstraw-NY-10927/32378737_zpid/","","310000","02/26/2024","1198","sqft","258.76","0.44","acres","2","1","2 Mountain Court","Haverstraw","10927","NY","USA"
"https://www.zillow.com/homedetails/100-Old-Western-Hwy-Blauvelt-NY-10913/32391440_zpid/","","485000","02/26/2024","2156","sqft","224.95","0.36","acres","5","3","100 Old Western Hwy","Blauvelt","10913","NY","USA"
"https://www.zillow.com/homedetails/25-Tweed-Blvd-Nyack-NY-10960/32392507_zpid/","","2200000","02/26/2024","4044","sqft","544.02","0.76","acres","4","4","25 Tweed Blvd","Nyack","10960","NY","USA"
"https://www.zillow.com/homedetails/55-Cranford-Dr-New-City-NY-10956/53395032_zpid/","","1090000","02/26/2024","3230","sqft","337.46","0.56","acres","5","3","55 Cranford Dr","New City","10956","NY","USA"
"https://www.zillow.com/homedetails/5-Wheeler-Pl-W-West-Nyack-NY-10994/53415028_zpid/","","665000","02/26/2024","1920","sqft","346.35","0.36","acres","","2","5 Wheeler Pl W","West Nyack","10994","NY","USA"
"https://www.zillow.com/homedetails/9-Stonehouse-Dr-Spring-Valley-NY-10977/53418500_zpid/","","800000","02/26/2024","1951","sqft","410.05","7405","sqft","4","2","9 Stonehouse Dr","Spring Valley","10977","NY","USA"
"https://www.zillow.com/homedetails/7-Briarwood-Ln-Suffern-NY-10901/53432042_zpid/","","1400000","02/26/2024","3302","sqft","423.99","0.81","acres","6","4","7 Briarwood Lane","Suffern","10901","NY","USA"
"https://www.zillow.com/homedetails/96-Piermont-Ave-Nyack-NY-10960/32386313_zpid/","","550000","02/23/2024","1501","sqft","366.42","3049","sqft","3","1","96 Piermont Avenue","Nyack","10960","NY","USA"
"https://www.zillow.com/homedetails/561-Mountainview-Ave-Valley-Cottage-NY-10989/53411160_zpid/","","599999","02/23/2024","2210","sqft","271.49","0.69","acres","4","4","561 Mountainview Avenue","Valley Cottage","10989","NY","USA"
"https://www.zillow.com/homedetails/134-Union-Rd-Spring-Valley-NY-10977/53433613_zpid/","","500000","02/23/2024","2440","sqft","204.92","0.57","acres","5","3","134 Union Rd","Spring Valley","10977","NY","USA"
"https://www.zillow.com/homedetails/19-Lea-Ct-Garnerville-NY-10923/32383926_zpid/","","775000","02/22/2024","2641","sqft","293.45","0.38","acres","4","3","19 Lea Court","Garnerville","10923","NY","USA"
"https://www.zillow.com/homedetails/446-W-Clarkstown-Rd-New-City-NY-10956/53399984_zpid/","","421000","02/22/2024","1586","sqft","265.45","0.39","acres","3","2","446 W Clarkstown Road","New City","10956","NY","USA"
"https://www.zillow.com/homedetails/3-Schuyler-Rd-Nyack-NY-10960/53415857_zpid/","","414000","02/22/2024","1748","sqft","236.84","","","3","2","3 Schuyler Rd","Nyack","10960","NY","USA"
"https://www.zillow.com/homedetails/14-Ward-St-Suffern-NY-10901/53421195_zpid/","","613880","02/22/2024","2012","sqft","305.11","0.29","acres","5","3","14 Ward St","Suffern","10901","NY","USA"
"https://www.zillow.com/homedetails/32-Sherwood-Ridge-Rd-Pomona-NY-10970/53421655_zpid/","","725000","02/22/2024","2001","sqft","362.32","0.62","acres","3","3","32 Sherwood Ridge Road","Pomona","10970","NY","USA"
"https://www.zillow.com/homedetails/42-Balmoral-Dr-Chestnut-Ridge-NY-10977/53426144_zpid/","","799000","02/22/2024","1870","sqft","427.27","0.43","acres","4","3","42 Balmoral Drive","Chestnut Ridge","10977","NY","USA"
"https://www.zillow.com/homedetails/23-Wilshire-Dr-Spring-Valley-NY-10977/53426524_zpid/","","879000","02/22/2024","2122","sqft","414.23","0.57","acres","4","3","23 Wilshire Drive","Spring Valley","10977","NY","USA"
"https://www.zillow.com/homedetails/4-Belvedere-Path-Suffern-NY-10901/53427049_zpid/","","900000","02/22/2024","2771","sqft","324.79","0.89","acres","5","3","4 Belvedere Path","Suffern","10901","NY","USA"
"https://www.zillow.com/homedetails/43-Mayer-Dr-Montebello-NY-10901/53427387_zpid/","","985000","02/22/2024","3200","sqft","307.81","0.63","acres","5","3","43 Mayer Drive","Montebello","10901","NY","USA"
"https://www.zillow.com/homedetails/18-Golf-Course-Dr-Montebello-NY-10901/53427977_zpid/","","2555000","02/22/2024","4601","sqft","555.31","1.19","acres","7","6","18 Golf Course Drive","Montebello","10901","NY","USA"
"https://www.zillow.com/homedetails/34-Lyncrest-Dr-Monsey-NY-10952/53431751_zpid/","","740000","02/22/2024","2210","sqft","334.84","0.48","acres","4","3","34 Lyncrest Drive","Monsey","10952","NY","USA"
"https://www.zillow.com/homedetails/17-Dwight-Ave-Spring-Valley-NY-10977/53433521_zpid/","","676260","02/22/2024","2281","sqft","296.48","0.29","acres","4","2","17 Dwight Ave","Spring Valley","10977","NY","USA"
"https://www.zillow.com/homedetails/448-South-Broadway-Nyack-NY-10960/32387310_zpid/","","587000","02/21/2024","1696","sqft","346.11","9147","sqft","3","2.5","448 South Broadway","Nyack","10960","NY","USA"
"https://www.zillow.com/homedetails/8-East-Rd-Blauvelt-NY-10913/32392299_zpid/","","530000","02/21/2024","1574","sqft","336.72","0.4","acres","3","2","8 East Rd","Blauvelt","10913","NY","USA"
"https://www.zillow.com/homedetails/160-W-Main-St-Stony-Pt-NY-10980/32398446_zpid/","","626000","02/21/2024","2100","sqft","298.1","1.29","acres","2","2","160 W Main Street","Stony Pt","10980","NY","USA"
"https://www.zillow.com/homedetails/19-Annette-Ln-Airmont-NY-10901/53428662_zpid/","","818000","02/21/2024","2197","sqft","372.33","0.49","acres","4","3","19 Annette Lane","Airmont","10901","NY","USA"
"https://www.zillow.com/homedetails/115-W-Eckerson-Rd-Spring-Valley-NY-10977/53433629_zpid/","","650000","02/21/2024","1742","sqft","373.13","0.33","acres","4","2","115 W Eckerson Road","Spring Valley","10977","NY","USA"
"https://www.zillow.com/homedetails/1-Tenure-Ave-Spring-Valley-NY-10977/246291404_zpid/","","2100000","02/21/2024","","","","0.44","acres","2","1","1 Tenure Ave","Spring Valley","10977","NY","USA"
"https://www.zillow.com/homedetails/9-Louise-Pl-Nanuet-NY-10954/53406282_zpid/","","545000","02/20/2024","1092","sqft","499.08","0.34","acres","3","2","9 Louise Place","Nanuet","10954","NY","USA"
"https://www.zillow.com/homedetails/78-W-Church-St-Spring-Valley-NY-10977/53419255_zpid/","","1310000","02/20/2024","2212","sqft","592.22","8712","sqft","7","3","78 W Church Street","Spring Valley","10977","NY","USA"
"https://www.zillow.com/homedetails/7-Cannan-Rd-Monsey-NY-10952/53425362_zpid/","","755000","02/19/2024","1883","sqft","400.96","0.7","acres","4","3","7 Cannan Road","Monsey","10952","NY","USA"
"https://www.zillow.com/homedetails/41-River-Rd-Nyack-NY-10960/32384408_zpid/","","730000","","2707","sqft","269.67","0.66","acres","4","4","41 River Rd","Nyack","10960","NY","USA"
"https://www.zillow.com/homedetails/220-Blauvelt-Rd-Pearl-River-NY-10965/32390054_zpid/","","280000","02/16/2024","1590","sqft","176.1","0.46","acres","4","2","220 Blauvelt Rd","Pearl River","10965","NY","USA"
"https://www.zillow.com/homedetails/42-Sunset-Rd-Blauvelt-NY-10913/32391420_zpid/","","702500","02/16/2024","5186","sqft","135.46","0.41","acres","6","6","42 Sunset Road","Blauvelt","10913","NY","USA"
"https://www.zillow.com/homedetails/12-Manor-Ct-New-City-NY-10956/53392721_zpid/","","940000","02/16/2024","3000","sqft","313.33","0.52","acres","5","4","12 Manor Court","New City","10956","NY","USA"
"https://www.zillow.com/homedetails/6-Senate-Ct-New-City-NY-10956/53393475_zpid/","","800000","02/16/2024","2849","sqft","280.8","0.61","acres","5","3","6 Senate Court","New City","10956","NY","USA"
"https://www.zillow.com/homedetails/33-Crestwood-Dr-New-City-NY-10956/53396325_zpid/","","475000","02/16/2024","1332","sqft","356.61","0.32","acres","2","2","33 Crestwood Drive","New City","10956","NY","USA"
"https://www.zillow.com/homedetails/5-Demarest-Rd-Spring-Valley-NY-10977/53425794_zpid/","","850000","02/16/2024","3144","sqft","270.36","0.74","acres","5","3","5 Demarest Road","Spring Valley","10977","NY","USA"
"https://www.zillow.com/homedetails/11-Johanna-Ln-Monsey-NY-10952/53436022_zpid/","","1635000","02/16/2024","1690","sqft","967.46","0.49","acres","4","2","11 Johanna Lane","Monsey","10952","NY","USA"
"https://www.zillow.com/homedetails/2-N-Hirsch-Dr-Garnerville-NY-10923/32381332_zpid/","","310000","02/15/2024","1276","sqft","242.95","0.35","acres","4","2","2 N Hirsch Dr","Garnerville","10923","NY","USA"
"https://www.zillow.com/homedetails/15-Palisades-Ct-Pomona-NY-10970/32382754_zpid/","","505000","02/15/2024","","","","","","","","15 Palisades Ct","Pomona","10970","NY","USA"
"https://www.zillow.com/homedetails/20-Mountainview-Dr-Thiells-NY-10984/32383052_zpid/","","680000","02/15/2024","2252","sqft","301.95","10019","sqft","6","3","20 Mountainview Drive","Thiells","10984","NY","USA"
"https://www.zillow.com/homedetails/3-Hamilton-Pl-Nyack-NY-10960/32386690_zpid/","","583000","02/15/2024","1248","sqft","467.15","3485","sqft","3","2","3 Hamilton Place","Nyack","10960","NY","USA"
"https://www.zillow.com/homedetails/29-Hoover-Pl-Stony-Pt-NY-10980/32399033_zpid/","","575000","02/15/2024","2741","sqft","209.78","0.63","acres","5","4","29 Hoover Place","Stony Pt","10980","NY","USA"
"https://www.zillow.com/homedetails/18-Wood-Ave-Stony-Pt-NY-10980/32399191_zpid/","","409000","02/15/2024","1574","sqft","259.85","6098","sqft","4","2","18 Wood Avenue","Stony Pt","10980","NY","USA"
"https://www.zillow.com/homedetails/346-Strawtown-Rd-New-City-NY-10956/53404015_zpid/","","1254000","02/15/2024","5014","sqft","250.1","1.5","acres","6","5","346 Strawtown Road","New City","10956","NY","USA"
"https://www.zillow.com/homedetails/127-Wayne-Ave-Suffern-NY-10901/53419988_zpid/","","480000","02/15/2024","2208","sqft","217.39","0.29","acres","4","1","127 Wayne Avenue","Suffern","10901","NY","USA"
"https://www.zillow.com/homedetails/4-Ribier-Ct-Monsey-NY-10952/53431864_zpid/","","950000","02/15/2024","3896","sqft","243.84","0.81","acres","5","3","4 Ribier Ct","Monsey","10952","NY","USA"
"https://www.zillow.com/homedetails/136-140-Main-St-N-Spring-Valley-NY-10977/143864272_zpid/","","975000","02/15/2024","1254","sqft","777.51","8276","sqft","","","136-140 Main St N","Spring Valley","10977","NY","USA"