Property URL,MLS ID,Property type,Number of days on Zillow,Property price (USD),Zestimate (USD),Rent zestimate (USD per month),Tax assessed value (USD),Sold date (MM/DD/YYYY),Living area,Living area unit,Price per living area unit (USD),Lot/land area,Lot/land area unit,Price per lot/land area unit (USD),Bedrooms,Bathrooms,Broker name,Broker agent,Is owner occupied,Property owned by Zillow,Image URL,Property unit number,Street address,City,Zip,State,Country,Latitude,Longitude,Zillow property ID,Property has images,Property has 3D model,Property has video
"https://www.zillow.com/homedetails/15-Pewter-Cir-Chester-NY-10918/31807597_zpid/","","Single Family","1","645000","638900","3800","586600","06/13/2024","3223","sqft","200.12","0.34","acres","1908320.32","4","3","BHHS Gross & Jansen","","No","No","https://photos.zillowstatic.com/fp/ddaf973801b2afd5ddee1742f42bf33c-p_e.jpg","","15 Pewter Circle","Chester","10918","NY","USA","41.31952","-74.28195","31807597","Yes","No","No"
"https://www.zillow.com/homedetails/215-Goodwill-Rd-Ws-Montgomery-NY-12549/343893530_zpid/","","Single Family","1","539900","536800","3814","","06/13/2024","2102","sqft","256.85","0.67","acres","805820.9","4","3","Realty Promotions Inc","","No","No","https://photos.zillowstatic.com/fp/a8e825abd9e5fa6231e089995e2eae4e-p_e.jpg","","215 Goodwill Road","Ws Montgomery","12549","NY","USA","41.52317","-74.23148","343893530","Yes","No","No"
"https://www.zillow.com/homedetails/8-Fox-Hollow-Rd-Blooming-Grove-NY-10914/31800713_zpid/","","Single Family","2","838000","850100","4915","884500","06/12/2024","4172","sqft","200.86","2.7","acres","310370.37","5","3","BHG Real Estate Green Team","","No","No","https://photos.zillowstatic.com/fp/9c7473f3b05be880b5a38e5f610ef06a-p_e.jpg","","8 Fox Hollow Drive","Blooming Grove","10914","NY","USA","41.42409","-74.203926","31800713","Yes","No","No"
"https://www.zillow.com/homedetails/212-Phillips-St-Middletown-NY-10940/102077717_zpid/","","Single Family","2","625000","587900","3499","434000","06/12/2024","2760","sqft","226.45","5852","sqft","106.8","4","4","Christie's Int. Real Estate","","No","No","https://photos.zillowstatic.com/fp/44d06fc57e59d21ecb9c588633381697-p_e.jpg","","212 Phillips Street","Middletown","10940","NY","USA","41.442448","-74.40661","102077717","Yes","No","No"
"https://www.zillow.com/homedetails/1-Strider-Rd-Wallkill-NY-12589/2060783886_zpid/","","Single Family","2","569000","569500","3898","","06/12/2024","2574","sqft","221.06","1.2","acres","474166.67","4","3","Christie's Int. Real Estate","","No","No","https://photos.zillowstatic.com/fp/53f1f956e87905346c0a6abfb22cd5e5-p_e.jpg","","1 Strider Road","Wallkill","12589","NY","USA","","","2060783886","Yes","No","No"
"https://www.zillow.com/homedetails/10-Brookside-Dr-Goshen-NY-10924/31817645_zpid/","","Single Family","3","650000","690000","3999","613500","06/11/2024","2843","sqft","228.63","2.3","acres","282608.7","4","3","Hudson Valley Griffith","","No","No","https://photos.zillowstatic.com/fp/85a1378358a94e17aa9049c4eb07daec-p_e.jpg","","10 Brookside Drive","Goshen","10924","NY","USA","41.397186","-74.300705","31817645","Yes","No","No"
"https://www.zillow.com/homedetails/315-Toleman-Rd-Washingtonville-NY-10992/31849007_zpid/","","Single Family","3","515000","","3249","244300","06/11/2024","1752","sqft","293.95","3.5","acres","147142.86","3","2","eXp Realty","","No","No","https://photos.zillowstatic.com/fp/72bf1495826132090693873d829a332a-p_e.jpg","","315 Toleman Road","Washingtonville","10992","NY","USA","41.45809","-74.14199","31849007","Yes","No","No"
"https://www.zillow.com/homedetails/52-Ridge-Rd-Highland-Mills-NY-10930/31871238_zpid/","","Single Family","3","530000","525900","3528","381900","06/11/2024","1720","sqft","308.14","0.65","acres","818651.82","3","3","Howard Hanna Rand Realty","","No","No","https://photos.zillowstatic.com/fp/dabc663bdc164a0d61a070cd7f5e2a8c-p_e.jpg","","52 Ridge Road","Highland Mills","10930","NY","USA","41.35705","-74.12438","31871238","Yes","No","No"
"https://www.zillow.com/homedetails/32-Mountain-Rd-Pt-Jervis-NY-12771/2069752846_zpid/","","Single Family","3","520000","528800","3999","","06/11/2024","2477","sqft","209.93","2.5","acres","208000","4","3","Real Estate Circuit Inc","","No","No","https://photos.zillowstatic.com/fp/06b26599fd8f1b8cc5043eda7bb8e9ff-p_e.jpg","","32 Mountain Road","Pt Jervis","12771","NY","USA","","","2069752846","Yes","No","No"
"https://www.zillow.com/homedetails/14-Ashley-Dr-Newburgh-NY-12550/31840772_zpid/","","Single Family","4","530000","586900","3764","565500","06/10/2024","2402","sqft","220.65","1.6","acres","331250","3","3","RE/MAX Benchmark Realty Group","","No","No","https://photos.zillowstatic.com/fp/1f1f1db68942860ed4f2705f7a9de00d-p_e.jpg","","14 Ashley Drive","Newburgh","12550","NY","USA","41.540226","-74.00852","31840772","Yes","No","No"
"https://www.zillow.com/homedetails/44-Wildwood-Dr-Rock-Tavern-NY-12575/2058996108_zpid/","","Single Family","4","747500","738900","4111","","06/10/2024","3205","sqft","233.23","0.36","acres","2089527.05","4","2","","","No","No","https://photos.zillowstatic.com/fp/5b00beb4fc8c2eee74d6d1ce539d8a30-p_e.jpg","","44 Wildwood Dr","Rock Tavern","12575","NY","USA","","","2058996108","Yes","No","No"
"https://www.zillow.com/homedetails/14-Jeffrey-Dr-Chester-NY-10918/31807475_zpid/","","Single Family","6","552000","552200","3599","476100","06/08/2024","2117","sqft","260.75","0.42","acres","1321233.03","3","3","Century 21 Alliance Rlty Group","","No","No","https://photos.zillowstatic.com/fp/634cb152fae90a62bda3adad9d3febe4-p_e.jpg","","14 Jeffrey Drive","Chester","10918","NY","USA","41.322388","-74.28025","31807475","Yes","No","No"
"https://www.zillow.com/homedetails/12-Halvorsen-Rd-Cornwall-NY-12518/70912545_zpid/","","Single Family","6","750000","750300","4400","679500","06/08/2024","3139","sqft","238.93","0.86","acres","872083.71","3","3","eXp Realty","","No","No","https://photos.zillowstatic.com/fp/298d79d710d44ee9426035a277aa1f6a-p_e.jpg","","12 Halvorsen Road","Cornwall","12518","NY","USA","41.447376","-74.032684","70912545","Yes","No","No"
"https://www.zillow.com/homedetails/108-Filomina-Dr-Cornwall-NY-12518/31811017_zpid/","","Single Family","7","780000","780200","4891","708100","06/07/2024","3418","sqft","228.2","0.47","acres","1659590.68","4","3","RE/MAX Benchmark Realty Group","","No","No","https://photos.zillowstatic.com/fp/c703f943f1102ba218ce09982658d9d3-p_e.jpg","","108 Filomina Drive","Cornwall","12518","NY","USA","41.43397","-74.050354","31811017","Yes","No","No"
"https://www.zillow.com/homedetails/52-E-Lake-Stable-Rd-Tuxedo-Park-NY-10987/31852481_zpid/","","Single Family","7","809000","809200","5893","779700","06/07/2024","3118","sqft","259.46","","","","4","4","Tuxedo Hudson Realty Corp","","No","No","https://photos.zillowstatic.com/fp/db8d7a4e69fbf268e1a642478a19478f-p_e.jpg","","52 E Lake Stable Road","Tuxedo Park","10987","NY","USA","41.1996","-74.19719","31852481","Yes","No","No"
"https://www.zillow.com/homedetails/50-Fawn-Hill-Rd-Tuxedo-Park-NY-10987/55486627_zpid/","","Single Family","7","555000","","3229","301300","06/07/2024","1556","sqft","356.68","0.53","acres","1047160.74","4","2","Q Home Sales","","No","No","https://photos.zillowstatic.com/fp/f886741c8cb149ca7b5004e27391dfbe-p_e.jpg","","50 Fawn Hill Road","Tuxedo Park","10987","NY","USA","41.233215","-74.2081","55486627","Yes","No","No"
"https://www.zillow.com/homedetails/125-Browns-Rd-Walden-NY-12586/346196675_zpid/","","Single Family","7","675000","675400","4249","","06/07/2024","2670","sqft","252.81","2.3","acres","293478.26","4","3","RE/MAX Benchmark Realty Group","","No","No","https://photos.zillowstatic.com/fp/366c16979043d47a99bb1a7c88368611-p_e.jpg","","125 Browns Road","Walden","12586","NY","USA","41.54537","-74.15002","346196675","Yes","No","No"
"https://www.zillow.com/homedetails/11-Kings-Hill-Rd-Walden-NY-12586/351074749_zpid/","","Single Family","7","539900","540200","3900","","06/07/2024","2191","sqft","246.42","1","acres","539900","4","3","Realty Promotions Inc","","No","No","https://photos.zillowstatic.com/fp/aafa6bd0bb298b64acba056e838dc002-p_e.jpg","","11 Kings Hill Road","Walden","12586","NY","USA","41.57296","-74.11837","351074749","Yes","No","No"
"https://www.zillow.com/homedetails/8-Bristol-Ct-Washingtonville-NY-10992/31798969_zpid/","","Single Family","8","521000","521200","3490","471600","06/06/2024","2266","sqft","229.92","0.3","acres","1754252.15","4","2","Blue Crescent Realty LLC","","No","No","https://photos.zillowstatic.com/fp/0d4cea573467109fe0b09705348bc7a8-p_e.jpg","","8 Bristol Court","Washingtonville","10992","NY","USA","41.435677","-74.14611","31798969","Yes","No","No"
"https://www.zillow.com/homedetails/64-Duelk-Ave-Monroe-NY-10950/31803209_zpid/","","Single Family","8","699000","699300","3056","320500","06/06/2024","1524","sqft","458.66","0.34","acres","2050400","4","1","Howard Hanna Rand Realty","","No","No","https://photos.zillowstatic.com/fp/02b6ffadb2aaf8b1f0f546128c55f459-p_e.jpg","","64 Duelk Avenue","Monroe","10950","NY","USA","41.362442","-74.185814","31803209","Yes","No","No"
"https://www.zillow.com/homedetails/166-Old-State-Rd-Highland-Falls-NY-10928/31822343_zpid/","","Single Family","8","525000","524000","3427","378500","06/06/2024","2628","sqft","199.77","9148","sqft","57.39","4","2","Howard Hanna Rand Realty","","No","No","https://photos.zillowstatic.com/fp/53e0ef0777ff19e4f16fdeba50a0d9a2-p_e.jpg","","166 Old State Road","Highland Falls","10928","NY","USA","41.35119","-73.97037","31822343","Yes","No","No"
"https://www.zillow.com/homedetails/1-Marino-Dr-Wallkill-NY-12589/31837322_zpid/","","Single Family","8","520000","520200","3800","382100","06/06/2024","2284","sqft","227.67","1","acres","520000","3","3","Keller Williams Realty","","No","No","https://photos.zillowstatic.com/fp/69ce2f4dc84877ec80b4896380268782-p_e.jpg","","1 Marino Drive","Wallkill","12589","NY","USA","41.59546","-74.08398","31837322","Yes","No","No"
"https://www.zillow.com/homedetails/25-Hill-View-Dr-Florida-NY-10921/101994884_zpid/","","Single Family","8","677000","677600","4300","654100","06/06/2024","3270","sqft","207.03","0.66","acres","1025743.3","5","4","Keller Williams Realty","","No","No","https://photos.zillowstatic.com/fp/180e0ca8c707c45210a601f3774c89b8-p_e.jpg","","25 Hill View Drive","Florida","10921","NY","USA","41.341415","-74.34626","101994884","Yes","No","No"
"https://www.zillow.com/homedetails/25-Canterbury-Rd-Fort-Montgomery-NY-10922/246652086_zpid/","","Single Family","8","615000","616500","3499","558500","06/06/2024","2120","sqft","290.09","1","acres","615000","3","2","Hudson Heritage Realty","","No","No","https://photos.zillowstatic.com/fp/3cdfbf9eff40ad2b8435b236707fdebd-p_e.jpg","","25 Canterbury Road","Fort Montgomery","10922","NY","USA","41.333027","-73.98942","246652086","Yes","No","No"
"https://www.zillow.com/homedetails/201-Cambridge-Ct-New-Windsor-NY-12553/31847382_zpid/","","Single Family","9","500500","500600","3499","336100","06/05/2024","2066","sqft","242.26","0.28","acres","1772358.34","3","3","Howard Hanna Rand Realty","","No","No","https://photos.zillowstatic.com/fp/881105f811279f2c6cdeb5e7190b57da-p_e.jpg","","201 Cambridge Court","New Windsor","12553","NY","USA","41.47538","-74.0346","31847382","Yes","No","No"
"https://www.zillow.com/homedetails/17-Hopeview-Ct-Newburgh-NY-12550/84099949_zpid/","","Single Family","9","799000","799200","4743","774000","06/05/2024","4782","sqft","167.08","0.79","acres","1011404.16","4","4","eXp Realty","","No","No","https://photos.zillowstatic.com/fp/5a6625d9807d1cb7cb6d0301fc0b0d1d-p_e.jpg","","17 Hopeview Court","Newburgh","12550","NY","USA","41.55207","-74.00018","84099949","Yes","No","No"
"https://www.zillow.com/homedetails/53-Stony-Acres-Trl-Salisbury-Mills-NY-12577/31808634_zpid/","","Single Family","10","600000","602500","4288","615100","06/04/2024","2934","sqft","204.5","2.6","acres","230769.23","4","3","RE/MAX Benchmark Realty Group","","No","No","https://photos.zillowstatic.com/fp/841d57e6c552a3a449ac52b3f1db98a5-p_e.jpg","","53 Stony Acres Trail","Salisbury Mills","12577","NY","USA","41.436687","-74.11256","31808634","Yes","No","No"
"https://www.zillow.com/homedetails/409-Winding-Hill-Rd-Montgomery-NY-12549/31812355_zpid/","","Single Family","10","625000","625300","3999","484600","06/04/2024","2485","sqft","251.51","2.5","acres","250000","4","3","Corcoran Baer & McIntosh","","No","No","https://photos.zillowstatic.com/fp/b002711af1b4efc36aac90bcbdff1e00-p_e.jpg","","409 Winding Hill Road","Montgomery","12549","NY","USA","41.547096","-74.279465","31812355","Yes","No","No"
"https://www.zillow.com/homedetails/11-Fran-Rd-Goshen-NY-10924/31817153_zpid/","","Single Family","10","550000","550200","3599","453300","06/04/2024","2706","sqft","203.25","0.36","acres","1527738.81","4","3","Keller Williams Hudson Valley","","No","No","https://photos.zillowstatic.com/fp/283e6aec684d94b8362db0656bf177f7-p_e.jpg","","11 Fran Road","Goshen","10924","NY","USA","41.430195","-74.319984","31817153","Yes","No","No"
"https://www.zillow.com/homedetails/225-Conklingtown-Rd-Goshen-NY-10924/31818084_zpid/","","Single Family","10","549900","550400","3399","426000","06/04/2024","1848","sqft","297.56","1.32","acres","417191.41","3","3","Howard Hanna Rand Realty","","No","No","https://photos.zillowstatic.com/fp/c0c20656cc75ce74b0d4874ba5ad5210-p_e.jpg","","225 Conklingtown Road","Goshen","10924","NY","USA","41.362556","-74.31504","31818084","Yes","No","No"
"https://www.zillow.com/homedetails/4-Bristol-Ct-Washingtonville-NY-10992/31798967_zpid/","","Single Family","11","556000","556300","3534","455200","06/03/2024","2194","sqft","253.42","0.32","acres","1724043.28","5","3","RE/MAX Country Realty","","No","No","https://photos.zillowstatic.com/fp/68b3a576b48bdfbbe8f663df097c68a3-p_e.jpg","","4 Bristol Court","Washingtonville","10992","NY","USA","41.435287","-74.1466","31798967","Yes","No","No"
"https://www.zillow.com/homedetails/17-Kings-Dr-Middletown-NY-10941/31820528_zpid/","","Single Family","11","700000","700400","3898","628200","06/03/2024","3006","sqft","232.87","1","acres","700000","4","4","Olga Krasinski Real Estate","","No","No","https://photos.zillowstatic.com/fp/95e7114e1cc2a50af5312b93c742825a-p_e.jpg","","17 Kings Drive","Middletown","10941","NY","USA","41.449287","-74.32434","31820528","Yes","No","No"
"https://www.zillow.com/homedetails/7-Lambros-Dr-Monroe-NY-10950/31829333_zpid/","","Single Family","11","879000","879500","5160","889100","06/03/2024","4400","sqft","199.77","0.87","acres","1014553.26","5","4","Wansor Realty","","No","No","https://photos.zillowstatic.com/fp/f0a6d8772bee731f9a8cbcafcc712c50-p_e.jpg","","7 Lambros Drive","Monroe","10950","NY","USA","41.290455","-74.177795","31829333","Yes","No","No"
"https://www.zillow.com/homedetails/665-State-Route-32-Highland-Mills-NY-10930/31871216_zpid/","","Single Family","11","650000","657300","3900","444400","06/03/2024","2753","sqft","236.11","2","acres","325000","6","","RE/MAX Town & Country","","No","No","https://photos.zillowstatic.com/fp/27078bcbcb6c14a4846c5cbec20c8914-p_e.jpg","","665 State Route 32","Highland Mills","10930","NY","USA","41.356743","-74.11953","31871216","Yes","No","No"
"https://www.zillow.com/homedetails/39-Goffredo-Ct-Middletown-NY-10940/66494873_zpid/","","Single Family","11","590000","590400","3499","475900","06/03/2024","2736","sqft","215.64","1.6","acres","368750","3","3","Howard Hanna Rand Realty","","No","No","https://photos.zillowstatic.com/fp/11a2b83308a56cf0d68e76f127a586a6-p_e.jpg","","39 Goffredo Court","Middletown","10940","NY","USA","41.477203","-74.43626","66494873","Yes","No","No"
"https://www.zillow.com/homedetails/24-Madre-Decristo-Rd-Wallkill-NY-12589/246878081_zpid/","","Single Family","11","690000","","4328","402352","06/03/2024","3108","sqft","222.01","1.11","acres","624208.43","4","3","Curasi Realty, Inc.","","No","No","https://photos.zillowstatic.com/fp/f3ea03195c688e5b187d61bc2bc7b831-p_e.jpg","","24 Madre Decristo Road","Wallkill","12589","NY","USA","41.609222","-74.12448","246878081","Yes","No","No"
"https://www.zillow.com/homedetails/22-Stately-Oaks-Cornwall-NY-12518/31809221_zpid/","","Single Family","13","579000","579600","4259","459600","06/01/2024","2464","sqft","234.98","3.6","acres","160833.33","4","3","RE/MAX Benchmark Realty Group","","No","No","https://photos.zillowstatic.com/fp/24668a908da7658ca0fecebb45aa08f0-p_e.jpg","","22 Stately Oaks","Cornwall","12518","NY","USA","41.446404","-74.040375","31809221","Yes","No","No"
"https://www.zillow.com/homedetails/172-Stony-Ford-Rd-Middletown-NY-10941/31820207_zpid/","","Single Family","14","530000","530200","4942","586300","05/31/2024","4538","sqft","116.79","3.1","acres","170967.74","4","4","Keller Williams Realty","","No","No","https://photos.zillowstatic.com/fp/f70556cdd615db90bb5977e936562d37-p_e.jpg","","172 Stony Ford Road","Middletown","10941","NY","USA","41.456387","-74.29717","31820207","Yes","No","No"
"https://www.zillow.com/homedetails/4-Millard-Cir-Monroe-NY-10950/31824833_zpid/","","Single Family","14","600000","600200","3599","516300","05/31/2024","2484","sqft","241.55","0.28","acres","2110465.12","4","3","Prime Realty","","No","No","https://photos.zillowstatic.com/fp/73972108fb815d66be09e422869e4ab2-p_e.jpg","","4 Millard Circle","Monroe","10950","NY","USA","41.31952","-74.18988","31824833","Yes","No","No"
"https://www.zillow.com/homedetails/3-Laura-Rd-Monroe-NY-10950/31829190_zpid/","","Single Family","14","549000","549200","3834","531800","05/31/2024","2128","sqft","257.99","0.52","acres","1064567.31","4","3","John J Lease REALTORS Inc","","No","No","https://photos.zillowstatic.com/fp/5ff60341ce12550bdd3eb16da2c6b28f-p_e.jpg","","3 Laura Road","Monroe","10950","NY","USA","41.298416","-74.222824","31829190","Yes","No","No"
"https://www.zillow.com/homedetails/92-Lakeside-Rd-Newburgh-NY-12550/80195388_zpid/","","Single Family","14","564000","564200","4329","445100","05/31/2024","2926","sqft","192.75","1.5","acres","376000","4","3","Keller Williams Realty","","No","No","https://photos.zillowstatic.com/fp/933ce626a8b69746c316c35ec54902ab-p_e.jpg","","92 Lakeside Road","Newburgh","12550","NY","USA","41.525803","-74.1021","80195388","Yes","No","No"
"https://www.zillow.com/homedetails/19-School-House-Rd-Middletown-NY-10940/2054879928_zpid/","","Single Family","14","579900","580100","4500","","05/31/2024","2208","sqft","262.64","4.1","acres","141439.02","4","3","Realty Promotions Inc","","No","No","https://photos.zillowstatic.com/fp/4ae06cea3643787d046d23e78730f8fc-p_e.jpg","","19 Schoolhouse Road","Middletown","10940","NY","USA","41.47357","-74.48746","2054879928","Yes","No","No"
"https://www.zillow.com/homedetails/105-Luthien-Forrest-Rd-Rock-Tavern-NY-12575/102001685_zpid/","","Single Family","15","830000","830200","4918","627500","05/30/2024","3048","sqft","272.31","3.7","acres","224324.32","4","3","Blooming Realty","","No","No","https://photos.zillowstatic.com/fp/275ead8e886ca01343a71628170dd275-p_e.jpg","","105 Luthien Forrest Road","Rock Tavern","12575","NY","USA","41.46678","-74.12064","102001685","Yes","No","No"
"https://www.zillow.com/homedetails/2-Seely-Rd-Chester-NY-10918/31803736_zpid/","","Single Family","17","570000","570200","3599","413900","05/28/2024","1828","sqft","311.82","0.53","acres","1072628.3","4","3","Blooming Realty","","No","No","https://photos.zillowstatic.com/fp/d8c89c3968f1308921887f0b86c1212c-p_e.jpg","","2 Seely Road","Chester","10918","NY","USA","41.359783","-74.23502","31803736","Yes","No","No"
"https://www.zillow.com/homedetails/22-Bell-Rd-Monroe-NY-10950/31829220_zpid/","","Single Family","17","995000","995400","6553","395600","05/28/2024","1260","sqft","789.68","34.95","acres","28469.24","3","2","Corcoran Baer & McIntosh","","No","No","https://photos.zillowstatic.com/fp/a1d61529def46fe2cd6489d9386a667a-p_e.jpg","","22 Bell Rd","Monroe","10950","NY","USA","41.288193","-74.19343","31829220","Yes","No","No"
"https://www.zillow.com/homedetails/132-Covered-Bridge-Rd-Warwick-NY-10990/31866741_zpid/","","Single Family","17","890000","890400","5453","980500","05/28/2024","6048","sqft","147.16","5","acres","178000","6","4","BHG Real Estate Green Team","","No","No","https://photos.zillowstatic.com/fp/22f4324a7eb6fffe216c840d3bb16325-p_e.jpg","","132 Covered Bridge Road","Warwick","10990","NY","USA","41.235733","-74.41316","31866741","Yes","No","No"
"https://www.zillow.com/homedetails/7-Lake-Ave-Monroe-NY-10950/31828391_zpid/","","Single Family","20","985000","988300","5716","461700","05/25/2024","3600","sqft","273.61","3.5","acres","281428.57","5","4","John J Lease REALTORS Inc","","No","No","https://photos.zillowstatic.com/fp/a734544b35fd9a6500f6b0a6009623da-p_e.jpg","","7 Lake Avenue","Monroe","10950","NY","USA","41.31166","-74.22262","31828391","Yes","No","No"
"https://www.zillow.com/homedetails/94-Station-Rd-Salisbury-Mills-NY-12577/31800381_zpid/","","Single Family","21","563500","565500","4358","661200","05/24/2024","4821","sqft","116.88","","","","5","4","K Fortuna Lighthouse Realty","","No","No","https://photos.zillowstatic.com/fp/02dd4e57945d301cc5f4baeb61d1170a-p_e.jpg","","94 Station Road","Salisbury Mills","12577","NY","USA","41.443176","-74.13092","31800381","Yes","No","No"
"https://www.zillow.com/homedetails/78-Woodland-Rd-Monroe-NY-10950/31829063_zpid/","","Single Family","21","750000","752600","4704","651700","05/24/2024","3324","sqft","225.63","0.87","acres","858900.54","4","4","RE/MAX Benchmark Realty Group","","No","No","https://photos.zillowstatic.com/fp/5cc753d72bc9f47650069271454c1774-p_e.jpg","","78 Woodland Road","Monroe","10950","NY","USA","41.30686","-74.16377","31829063","Yes","No","No"
"https://www.zillow.com/homedetails/401-Jessup-Rd-Florida-NY-10921/31863691_zpid/","","Single Family","21","718000","720500","4263","569700","05/24/2024","2376","sqft","302.19","4","acres","179500","4","4","RE/MAX Town & Country","","No","No","https://photos.zillowstatic.com/fp/cb0b495865e3ca846c43cacb7850b719-p_e.jpg","","401 Jessup Road","Florida","10921","NY","USA","41.31951","-74.36622","31863691","Yes","No","No"
"https://www.zillow.com/homedetails/14-Washington-Blvd-Washingtonville-NY-10992/31800251_zpid/","","Single Family","22","513000","514900","3534","470600","05/23/2024","2000","sqft","256.5","0.41","acres","1260436.57","3","3","Keller Williams Hudson Valley","","No","No","https://photos.zillowstatic.com/fp/92e54ba5f78bc006ac061d4a561760b5-p_e.jpg","","14 Washington Boulevard","Washingtonville","10992","NY","USA","41.428555","-74.15301","31800251","Yes","No","No"
"https://www.zillow.com/homedetails/3-Lisa-Ln-Goshen-NY-10924/31817789_zpid/","","Single Family","22","710000","710500","3999","461400","05/23/2024","2079","sqft","341.51","6.5","acres","109230.77","3","3","K. Fortuna Realty, Inc.","","No","No","https://photos.zillowstatic.com/fp/fbf785d41f6a7b17195b4e52efa79473-p_e.jpg","","3 Lisa Lane","Goshen","10924","NY","USA","41.394886","-74.31494","31817789","Yes","No","No"
"https://www.zillow.com/homedetails/10-Kasch-Ct-Monroe-NY-10950/66500987_zpid/","","Single Family","22","998000","1127100","6735","721000","05/23/2024","3582","sqft","278.62","0.64","acres","1566195.19","4","3.5","","","No","No","","","10 Kasch Ct","Monroe","10950","NY","USA","41.300392","-74.17804","66500987","","No","No"
"https://www.zillow.com/homedetails/324-Quaker-St-Wallkill-NY-12589/89602155_zpid/","","Single Family","22","500000","500900","3200","272800","05/23/2024","1536","sqft","325.52","1.9","acres","263157.89","3","3","Real Broker NY LLC","","No","No","https://photos.zillowstatic.com/fp/aaeaf83b89f187c2fab716194906eccd-p_e.jpg","","324 Quaker Street","Wallkill","12589","NY","USA","41.585133","-74.09246","89602155","Yes","No","No"
"https://www.zillow.com/homedetails/2-Jean-Ct-Cornwall-On-Hudson-NY-12520/31807757_zpid/","","Single Family","23","530000","532100","3305","401800","05/22/2024","1702","sqft","311.4","0.32","acres","1656273.76","3","3","Smitchger Realty","","No","No","https://photos.zillowstatic.com/fp/2ee5cc652be944660382d21cf6f3fc3e-p_e.jpg","","2 Jean Court","Cornwall On Hudson","12520","NY","USA","41.445274","-74.02086","31807757","Yes","No","No"
"https://www.zillow.com/homedetails/103-Shoddy-Hollow-Rd-Otisville-NY-10963/246652341_zpid/","","Single Family","23","560000","562200","3999","461100","05/22/2024","3118","sqft","179.6","2.3","acres","243478.26","3","3","Keller Williams Realty","","No","No","https://photos.zillowstatic.com/fp/193ca057abdb4305642358f1f0f6d939-p_e.jpg","","103 Shoddy Hollow Road","Otisville","10963","NY","USA","41.473953","-74.521126","246652341","Yes","No","No"
"https://www.zillow.com/homedetails/159-161-Highland-Lake-Rd-Middletown-NY-10940/341912260_zpid/","","Single Family","23","570000","570700","3728","","05/22/2024","1988","sqft","286.72","12.9","acres","44186.05","4","3","Keller Williams Hudson Valley","","No","No","https://photos.zillowstatic.com/fp/d0d99d2a4e33f666054065fa3d83f9fe-p_e.jpg","","159/161 Highland Lake Road","Middletown","10940","NY","USA","41.4435","-74.49653","341912260","Yes","No","No"
"https://www.zillow.com/homedetails/71-Dunthorne-Dr-Bloomingburg-NY-12721/2061455260_zpid/","","Single Family","23","624006","624600","4500","","05/22/2024","2720","sqft","229.41","7.5","acres","83200.8","4","3","Keller Williams Realty","","No","No","https://photos.zillowstatic.com/fp/68e24a20036ea4644de6c8feb63dd1d2-p_e.jpg","","71 Dunthorne Drive","Bloomingburg","12721","NY","USA","41.574642","-74.37933","2061455260","Yes","No","No"
"https://www.zillow.com/homedetails/121-Dogwood-Ln-Newburgh-NY-12550/31843115_zpid/","","Single Family","24","680000","682200","3731","429800","05/21/2024","2652","sqft","256.41","0.92","acres","735774.26","3","4","John J Lease REALTORS Inc","","No","No","https://photos.zillowstatic.com/fp/8d7dd8507e9c5ae4993c2405520881b8-p_e.jpg","","121 Dogwood Lane","Newburgh","12550","NY","USA","41.53209","-74.02566","31843115","Yes","No","No"
"https://www.zillow.com/homedetails/13-Mila-Dr-Middletown-NY-10940/102095999_zpid/","","Single Family","24","506000","507700","3499","395000","05/21/2024","1958","sqft","258.43","0.26","acres","1978933.38","4","3","Keller Williams Hudson Valley","","No","No","https://photos.zillowstatic.com/fp/63759d690fbdb0841e3dca670f6d07b4-p_e.jpg","","13 Mila Drive","Middletown","10940","NY","USA","41.470413","-74.40623","102095999","Yes","No","No"
"https://www.zillow.com/homedetails/342-Lake-Shore-Dr-Monroe-NY-10950/31802843_zpid/","","Single Family","25","651000","632900","3264","367700","05/20/2024","1576","sqft","413.07","0.35","acres","1860000","4","2","","","No","No","","","342 Lake Shore Dr","Monroe","10950","NY","USA","41.373676","-74.187355","31802843","","No","No"
"https://www.zillow.com/homedetails/14-Dallas-Dr-Monroe-NY-10950/31803236_zpid/","","Single Family","25","700000","","1999","101100","05/20/2024","1652","sqft","423.73","0.31","acres","2258164.85","4","2","","","No","No","","","14 Dallas Dr","Monroe","10950","NY","USA","41.364292","-74.18304","31803236","","No","No"
"https://www.zillow.com/homedetails/88-Nancy-Ln-Chester-NY-10918/31805537_zpid/","","Single Family","25","549675","523600","3900","547400","05/20/2024","2768","sqft","198.58","1.6","acres","343546.88","4","3","REALHome Services & Solutions","","No","No","https://photos.zillowstatic.com/fp/9a172fb1056971508c29389aee8b0faa-p_e.jpg","","88 Nancy Lane","Chester","10918","NY","USA","41.34768","-74.27147","31805537","Yes","No","No"
"https://www.zillow.com/homedetails/150-Franklin-Ave-Monroe-NY-10950/31823951_zpid/","","Single Family","25","550000","501300","3442","414400","05/20/2024","2068","sqft","265.96","0.61","acres","901659.7","3","2","","","No","No","https://photos.zillowstatic.com/fp/da385fa5dcdc0ef809b6ba86993f73b7-p_e.jpg","","150 Franklin Ave","Monroe","10950","NY","USA","41.33386","-74.18265","31823951","Yes","No","No"
"https://www.zillow.com/homedetails/105-York-Rd-S-Bloomingburg-NY-12721/84102449_zpid/","","Single Family","25","870000","873800","5129","593800","05/20/2024","2324","sqft","374.35","23.7","acres","36708.86","4","4","Real Estate Circuit Inc","","No","No","https://photos.zillowstatic.com/fp/da8ec67f32354ab29a5e6239e105cc49-p_e.jpg","","105 York Road S","Bloomingburg","12721","NY","USA","41.537987","-74.43789","84102449","Yes","No","No"
"https://www.zillow.com/homedetails/34-Eagle-Crest-Way-Chester-NY-10918/121369270_zpid/","","Single Family","25","795000","797800","4698","654100","05/20/2024","2390","sqft","332.64","1.2","acres","662500","4","4","Howard Hanna Rand Realty","","No","No","https://photos.zillowstatic.com/fp/f56e1a3bb6e64345ec9bb3b9f608497c-p_e.jpg","","34 Eagle Crest Way","Chester","10918","NY","USA","41.309147","-74.301895","121369270","Yes","No","No"
"https://www.zillow.com/homedetails/8-Mine-Rd-Monroe-NY-10950/31825277_zpid/","","Single Family","28","567000","569300","3364","421700","05/17/2024","1716","sqft","330.42","0.48","acres","1174163.06","4","2","Exit Realty Venture","","No","No","https://photos.zillowstatic.com/fp/34616f528715db4230e1bead38a61a9f-p_e.jpg","","8 Mine Road","Monroe","10950","NY","USA","41.3104","-74.19309","31825277","Yes","No","No"
"https://www.zillow.com/homedetails/2-Chimney-Ridge-Dr-Harriman-NY-10926/31829754_zpid/","","Single Family","28","735000","738000","4536","712900","05/17/2024","2800","sqft","262.5","0.54","acres","1366420.55","4","3","Howard Hanna Rand Realty","","No","No","https://photos.zillowstatic.com/fp/433a88a9d065a23fe333705f514b4aaa-p_e.jpg","","2 Chimney Ridge Drive","Harriman","10926","NY","USA","41.301434","-74.15497","31829754","Yes","No","No"
"https://www.zillow.com/homedetails/33-Cedar-Hill-Dr-Warwick-NY-10990/31865600_zpid/","","Single Family","28","750000","753100","4615","741600","05/17/2024","3222","sqft","232.77","4.7","acres","159574.47","4","3","Howard Hanna Rand Realty","","No","No","https://photos.zillowstatic.com/fp/65b962ffce2e81751152517dd138d4bc-p_e.jpg","","33 Cedar Hill Drive","Warwick","10990","NY","USA","41.29472","-74.34008","31865600","Yes","No","No"
"https://www.zillow.com/homedetails/17-Four-Corners-Rd-Warwick-NY-10990/31865645_zpid/","","Single Family","28","625000","627000","3128","486500","05/17/2024","1771","sqft","352.91","1","acres","625000","3","2","BHG Real Estate Green Team","","No","No","https://photos.zillowstatic.com/fp/9a01eaacbaab2a0a92e93a04816259ed-p_e.jpg","","17 Four Corners Road","Warwick","10990","NY","USA","41.286106","-74.31412","31865645","Yes","No","No"
"https://www.zillow.com/homedetails/334-Beattie-Rd-Rock-Tavern-NY-12575/61926873_zpid/","","Single Family","28","660000","662100","3969","711300","05/17/2024","2731","sqft","241.67","2.2","acres","300000","4","3","RE/MAX Town & Country","","No","No","https://photos.zillowstatic.com/fp/03ba02bf2dc4d844c20056ebcdc67a1b-p_e.jpg","","334 Beattie Road","Rock Tavern","12575","NY","USA","41.450947","-74.18437","61926873","Yes","No","No"
"https://www.zillow.com/homedetails/401-Frozen-Ridge-Rd-Newburgh-NY-12550/89599490_zpid/","","Single Family","28","510000","512100","3746","466400","05/17/2024","2364","sqft","215.74","0.91","acres","559643.29","3","3","Keller Williams Hudson Valley","","No","No","https://photos.zillowstatic.com/fp/41e3ed30f777e728bec8dcb8b80465c8-p_e.jpg","","401 Frozen Ridge Road","Newburgh","12550","NY","USA","41.581345","-74.027916","89599490","Yes","No","No"
"https://www.zillow.com/homedetails/7-Knoll-Crest-Ct-Cornwall-NY-12518/102059445_zpid/","","Single Family","28","655000","657700","3900","588900","05/17/2024","2521","sqft","259.82","0.47","acres","1393630.64","3","2","RE/MAX Benchmark Realty Group","","No","No","https://photos.zillowstatic.com/fp/a51d09ca17f1910751ba3861b0534b48-p_e.jpg","","7 Knoll Crest Court","Cornwall","12518","NY","USA","41.444214","-74.04163","102059445","Yes","No","No"
"https://www.zillow.com/homedetails/5-Jane-Ct-Monroe-NY-10950/31827655_zpid/","","Single Family","29","575000","577000","3499","394000","05/16/2024","2487","sqft","231.2","0.28","acres","2087076.08","3","2","Blooming Realty","","No","No","https://photos.zillowstatic.com/fp/c0467a9916787d892b494e050d87d225-p_e.jpg","","5 Jane Court","Monroe","10950","NY","USA","41.342133","-74.18833","31827655","Yes","No","No"
"https://www.zillow.com/homedetails/23-Country-Holw-Highland-Mills-NY-10930/53439816_zpid/","","Single Family","29","830000","832900","5049","476800","05/16/2024","3964","sqft","209.38","0.8","acres","1037500","4","3","Rock Realty Group USA Inc","","No","No","https://photos.zillowstatic.com/fp/e6b89762bbd3dff0646792f033f1fb64-p_e.jpg","","23 Country Hollow","Highland Mills","10930","NY","USA","41.36458","-74.151306","53439816","Yes","No","No"
"https://www.zillow.com/homedetails/5-Pond-Ridge-Xing-Newburgh-NY-12550/163601165_zpid/","","Single Family","29","585000","","3534","140588","05/16/2024","1764","sqft","331.63","1","acres","585000","3","4","Keller Williams Realty Partner","","No","No","https://photos.zillowstatic.com/fp/ba29f8a412b8c897da4454ccece3981c-p_e.jpg","","5 Pond Ridge Crossing","Newburgh","12550","NY","USA","41.53646","-74.04195","163601165","Yes","No","No"
"https://www.zillow.com/homedetails/105-Clover-Ct-Cornwall-On-Hudson-NY-12520/306955010_zpid/","","Single Family","29","765000","768300","3868","763500","05/16/2024","2554","sqft","299.53","0.35","acres","2169633.44","4","3","Real Broker NY LLC","","No","No","https://photos.zillowstatic.com/fp/0997b94172b6331ee6a11aef3d90fcbe-p_e.jpg","","105 Clover Court","Cornwall On Hudson","12520","NY","USA","41.445274","-74.01105","306955010","Yes","No","No"
"https://www.zillow.com/homedetails/9-Pilgrim-Ln-Washingtonville-NY-10992/31799594_zpid/","","Single Family","30","536000","538000","3499","465800","05/15/2024","2322","sqft","230.84","0.3","acres","1760796.38","4","2","Howard Hanna Rand Realty","","No","No","https://photos.zillowstatic.com/fp/9b2291477b69dbc3404311b86a7177ff-p_e.jpg","","9 Pilgrim Lane","Washingtonville","10992","NY","USA","41.431854","-74.14455","31799594","Yes","No","No"
"https://www.zillow.com/homedetails/2785-Route-94-Washingtonville-NY-10992/31800915_zpid/","","Single Family","30","532000","533900","3849","440800","05/15/2024","2618","sqft","203.21","1.5","acres","354666.67","3","3","Hudson Heritage Realty","","No","No","https://photos.zillowstatic.com/fp/70ecd6ea40963c770e00f85dff947797-p_e.jpg","","2785 Route 94","Washingtonville","10992","NY","USA","41.42576","-74.16794","31800915","Yes","No","No"
"https://www.zillow.com/homedetails/51-Duncan-Ave-Cornwall-On-Hudson-NY-12520/31808146_zpid/","","Single Family","30","675000","645300","3999","536200","05/15/2024","2520","sqft","267.86","0.71","acres","950722.67","4","2.5","","","No","No","","","51 Duncan Ave","Cornwall On Hudson","12520","NY","USA","41.442036","-74.01638","31808146","","No","No"
"https://www.zillow.com/homedetails/28-Virginia-Ave-Monroe-NY-10950/305572577_zpid/","","Single Family","30","998000","971900","5695","547600","05/15/2024","2421","sqft","412.23","0.46","acres","2169630.18","4","2.5","","","No","No","","","28 Virginia Ave","Monroe","10950","NY","USA","41.371304","-74.173645","305572577","","No","No"
"https://www.zillow.com/homedetails/71-Winding-Trl-Chester-NY-10918/31805642_zpid/","","Single Family","31","670000","672500","4393","555600","05/14/2024","2800","sqft","239.29","6.4","acres","104687.5","4","3","Cronin & Company Real Estate","","No","No","https://photos.zillowstatic.com/fp/6362960ee2b9c7a1df9e658a48d725fd-p_e.jpg","","71 Winding Trail","Chester","10918","NY","USA","41.324245","-74.22942","31805642","Yes","No","No"
"https://www.zillow.com/homedetails/3526-John-Paul-Jones-Ln-New-Windsor-NY-12553/299701227_zpid/","","Single Family","31","700000","672600","4329","562800","05/14/2024","2808","sqft","249.29","0.58","acres","1210000","4","2.5","","","No","No","","","3526 John Paul Jones Ln","New Windsor","12553","NY","USA","41.45843","-74.0931","299701227","","No","No"
"https://www.zillow.com/homedetails/23-Rockwell-Ave-Middletown-NY-10940/31786220_zpid/","","Single Family","32","529900","359800","2269","216000","05/13/2024","864","sqft","613.31","5005","sqft","105.87","3","2","","","No","No","https://photos.zillowstatic.com/fp/1b1e6b09bac2062a57c8eb05975e2f75-p_e.jpg","","23 Rockwell Ave","Middletown","10940","NY","USA","41.460316","-74.41808","31786220","Yes","No","No"
"https://www.zillow.com/homedetails/8-Elmwood-Dr-Monroe-NY-10950/31828973_zpid/","","Single Family","32","762000","765700","4287","526100","05/13/2024","2600","sqft","293.08","0.33","acres","2279719.78","4","4","Coldwell Banker Realty","","No","No","https://photos.zillowstatic.com/fp/99be90ebde5979ae7898c80026554880-p_e.jpg","","8 Elmwood Drive","Monroe","10950","NY","USA","41.310665","-74.17","31828973","Yes","No","No"
"https://www.zillow.com/homedetails/324-Hortons-Rd-Westtown-NY-10998/60066197_zpid/","","Single Family","32","610000","612400","5213","621600","05/13/2024","4076","sqft","149.66","3","acres","203333.33","4","4","Howard Hanna Rand Realty","","No","No","https://photos.zillowstatic.com/fp/59f950b11efec22a7168bdf1b551ab75-p_e.jpg","","324 Hortons Road","Westtown","10998","NY","USA","41.35055","-74.51279","60066197","Yes","No","No"
"https://www.zillow.com/homedetails/56-Fleetwood-Dr-Newburgh-NY-12550/2053031848_zpid/","","Single Family","32","650000","652600","3800","","05/13/2024","2072","sqft","313.71","10.9","acres","59633.03","3","2","Owner Entry.com","","No","No","https://photos.zillowstatic.com/fp/85f66ca0d43fcfe923d967d47cdf87b3-p_e.jpg","","56 Fleetwood Drive","Newburgh","12550","NY","USA","41.537537","-74.05131","2053031848","Yes","No","No"
"https://www.zillow.com/homedetails/258-Goodwill-Rd-Montgomery-NY-12549/31835226_zpid/","","Single Family","35","592000","594100","4400","589300","05/10/2024","2964","sqft","199.73","2.6","acres","227692.31","4","3","Cronin & Company Real Estate","","No","No","https://photos.zillowstatic.com/fp/a708a67d1de5dd2f37917af83f94684c-p_e.jpg","","258 Goodwill Road","Montgomery","12549","NY","USA","41.520523","-74.228165","31835226","Yes","No","No"
"https://www.zillow.com/homedetails/60-Downing-Ave-Newburgh-NY-12550/31843445_zpid/","","Single Family","35","550000","552400","4229","609100","05/10/2024","3128","sqft","175.83","0.79","acres","692788.16","4","3","Keller Williams NYC","","No","No","https://photos.zillowstatic.com/fp/e508cd56749790cb609c835d82fbe9b7-p_e.jpg","","60 Downing Avenue","Newburgh","12550","NY","USA","41.523926","-74.01314","31843445","Yes","No","No"
"https://www.zillow.com/homedetails/2711-Albany-Post-Rd-Montgomery-NY-12549/31834196_zpid/","","Single Family","36","749000","751800","4941","785700","05/09/2024","3935","sqft","190.34","7.3","acres","102602.74","3","4","eXp Realty","","No","No","https://photos.zillowstatic.com/fp/f8b34743195ac235d748fb057b8fb6ce-p_e.jpg","","2711 Albany Post Road","Montgomery","12549","NY","USA","41.55384","-74.23606","31834196","Yes","No","No"
"https://www.zillow.com/homedetails/25-Park-Ave-Warwick-NY-10990/31862320_zpid/","","Single Family","36","700000","738200","3343","587000","05/09/2024","2228","sqft","314.18","0.43","acres","1616669.32","3","2","","","No","No","https://photos.zillowstatic.com/fp/2fb5105cedf29d7647a52397d76527d9-p_e.jpg","","25 Park Ave","Warwick","10990","NY","USA","41.253075","-74.35385","31862320","Yes","No","No"
"https://www.zillow.com/homedetails/25-Westend-Dr-Highland-Mills-NY-10930/31872860_zpid/","","Single Family","36","530000","540800","3650","403400","05/09/2024","1974","sqft","268.49","0.46","acres","1140990.41","3","3","","","No","No","https://photos.zillowstatic.com/fp/e2abca738843b3673ab9eb63de3a5a22-p_e.jpg","","25 Westend Dr","Highland Mills","10930","NY","USA","41.348087","-74.132706","31872860","Yes","No","No"
"https://www.zillow.com/homedetails/603-Lybolt-Rd-Middletown-NY-10941/58198392_zpid/","","Single Family","36","620000","622300","3900","570700","05/09/2024","2744","sqft","225.95","1.9","acres","326315.79","4","3","Five Star Realty Group Intl","","No","No","https://photos.zillowstatic.com/fp/6aa7a75eda727b5ad63f4f8be58087b8-p_e.jpg","","603 Lybolt Road","Middletown","10941","NY","USA","41.535484","-74.35716","58198392","Yes","No","No"
"https://www.zillow.com/homedetails/28-Mulberry-Run-LOT-27-Middletown-NY-10941/340023488_zpid/","","Single Family","36","793800","796800","4691","","05/09/2024","3233","sqft","245.53","1.9","acres","417789.47","4","3","Christie's Int. Real Estate","","No","No","https://photos.zillowstatic.com/fp/3a086704475fe0217838e40079b4498f-p_e.jpg","Lot 27","28 Mulberry (Lot 27) Run","Middletown","10941","NY","USA","41.530437","-74.35819","340023488","Yes","No","No"
"https://www.zillow.com/homedetails/74-Reiss-Rd-Middletown-NY-10940/2055487641_zpid/","","Single Family","36","685000","687800","3635","","05/09/2024","2637","sqft","259.76","2","acres","342500","4","3","Howard Hanna Rand Realty","","No","No","https://photos.zillowstatic.com/fp/285de3054f80b40c96b4c75991b7a991-p_e.jpg","","74 Reiss Road","Middletown","10940","NY","USA","41.38763","-74.5278","2055487641","Yes","No","No"
"https://www.zillow.com/homedetails/24-Mulberry-Run-Middletown-NY-10941/2055849905_zpid/","","Single Family","36","697650","700300","3999","","05/09/2024","3149","sqft","221.55","1.7","acres","410382.35","3","3","Christie's Int. Real Estate","","No","No","https://photos.zillowstatic.com/fp/4cc64cb32b8859ab56d4fea6c0dc2107-p_e.jpg","","24 Mulberry Run","Middletown","10941","NY","USA","41.530167","-74.35741","2055849905","Yes","No","No"
"https://www.zillow.com/homedetails/146-Delmar-Hill-Rd-Slate-Hill-NY-10973/31870477_zpid/","","Single Family","37","535000","537100","3469","522600","05/08/2024","2166","sqft","247","3","acres","178333.33","4","2","Howard Hanna Rand Realty","","No","No","https://photos.zillowstatic.com/fp/9e063c270c38d88dbdba7f6fef8e41a3-p_e.jpg","","146 Delmar Hill Road","Slate Hill","10973","NY","USA","41.37973","-74.45734","31870477","Yes","No","No"
"https://www.zillow.com/homedetails/21-Oak-Ridge-Rd-Middletown-NY-10940/31791291_zpid/","","Single Family","38","566750","569100","3499","523000","05/07/2024","2545","sqft","222.69","0.43","acres","1317095.07","4","3","Frank Tangredi Realty Company","","No","No","https://photos.zillowstatic.com/fp/f5f48c4b6f2180fe47d009147165e792-p_e.jpg","","21 Oak Ridge Road","Middletown","10940","NY","USA","41.464348","-74.42627","31791291","Yes","No","No"
"https://www.zillow.com/homedetails/112-Whitlock-Rd-Otisville-NY-10963/31836209_zpid/","","Single Family","38","700000","702900","4269","559000","05/07/2024","2809","sqft","249.2","1.8","acres","388888.89","3","4","RE/MAX Opulent","","No","No","https://photos.zillowstatic.com/fp/323b1f81f42d02a8d39f87df991786f8-p_e.jpg","","112 Whitlock Road","Otisville","10963","NY","USA","41.48842","-74.50222","31836209","Yes","No","No"
"https://www.zillow.com/homedetails/3526-John-Paul-Jones-Ln-New-Windsor-NY-12553/163648187_zpid/","","Single Family","38","700000","","4300","342572","05/07/2024","2808","sqft","249.29","0.58","acres","1210048.02","4","3","Howard Hanna Rand Realty","","No","No","https://photos.zillowstatic.com/fp/88f74d8ece44086794a7626a7582f4d7-p_e.jpg","","3526 John Paul Jones Lane","New Windsor","12553","NY","USA","41.45843","-74.0931","163648187","Yes","No","No"
"https://www.zillow.com/homedetails/44-Country-Holw-Highland-Mills-NY-10930/53439836_zpid/","","Single Family","39","691500","694500","3800","454900","05/06/2024","2006","sqft","344.72","1.1","acres","628636.36","4","3","Howard Hanna Rand Realty","","No","No","https://photos.zillowstatic.com/fp/d7fbcace95ca66ae97abc9ea63fe403b-p_e.jpg","","44 Country Hollow","Highland Mills","10930","NY","USA","41.363644","-74.15067","53439836","Yes","No","No"
"https://www.zillow.com/homedetails/23-School-House-Rd-Middletown-NY-10940/2055898811_zpid/","","Single Family","42","529900","532600","4500","","05/03/2024","2211","sqft","239.67","4.15","acres","127686.75","4","3","Realty Promotions Inc","","No","No","https://photos.zillowstatic.com/fp/a6883ca191590cdf53e5e8afbea651ed-p_e.jpg","","23 Schoolhouse Road","Middletown","10940","NY","USA","41.47357","-74.48746","2055898811","Yes","No","No"
"https://www.zillow.com/homedetails/65-Valley-Ave-Newburgh-NY-12550/31793330_zpid/","","Single Family","43","500000","503600","3499","270000","05/02/2024","2499","sqft","200.08","0.3","acres","1688633.9","3","3","Hudson Valley Home Connection","","No","No","https://photos.zillowstatic.com/fp/a6c2ea14ced132ab0d04dd424643e21c-p_e.jpg","","65 Valley Avenue","Newburgh","12550","NY","USA","41.507046","-74.02835","31793330","Yes","No","No"
"https://www.zillow.com/homedetails/42-Wildwood-Dr-Rock-Tavern-NY-12575/2066637089_zpid/","","Single Family","43","749999","755700","3896","","05/02/2024","3200","sqft","234.37","","","","4","3","Christie's Int. Real Estate","","No","No","https://photos.zillowstatic.com/fp/4d3b25ce35c9149bf1b9bf9c8137849e-p_e.jpg","","42 Wildwood Drive","Rock Tavern","12575","NY","USA","41.51942","-74.13101","2066637089","Yes","No","No"
"https://www.zillow.com/homedetails/127-South-St-Ext-Warwick-NY-10990/2117831850_zpid/","","Single Family","43","510000","513900","2969","","05/02/2024","1431","sqft","356.39","0.26","acres","1974369","3","2","Emily Rose Realty Inc","","No","No","https://photos.zillowstatic.com/fp/6a9e1717cf03305f6fb0585710aebfe1-p_e.jpg","","127 South Street","Warwick","10990","NY","USA","41.251274","-74.35629","2117831850","Yes","No","No"
"https://www.zillow.com/homedetails/50-Hambletonian-Ave-Chester-NY-10918/31805471_zpid/","","Single Family","44","519000","522800","2999","478000","05/01/2024","1583","sqft","327.86","4","acres","129750","3","2","Q Home Sales","","No","No","https://photos.zillowstatic.com/fp/95444e3db152a31c239f3df3b82a3302-p_e.jpg","","50 Hambletonian Avenue","Chester","10918","NY","USA","41.36516","-74.276505","31805471","Yes","No","No"
"https://www.zillow.com/homedetails/319-Reservoir-Rd-Goshen-NY-10924/31818263_zpid/","","Single Family","44","540000","543600","3785","481000","05/01/2024","2151","sqft","251.05","1.1","acres","490909.09","3","4","Curasi Realty, Inc.","","No","No","https://photos.zillowstatic.com/fp/d80713030c1aa90d9fbcab0128dfa285-p_e.jpg","","319 Reservoir Road","Goshen","10924","NY","USA","41.35836","-74.34279","31818263","Yes","No","No"
"https://www.zillow.com/homedetails/10-Valley-Ct-Chester-NY-10918/31804719_zpid/","","Single Family","45","575000","579600","3599","531700","04/30/2024","2574","sqft","223.39","0.26","acres","2181034.48","4","2.5","","","No","No","","","10 Valley Ct","Chester","10918","NY","USA","41.370617","-74.27118","31804719","","No","No"
"https://www.zillow.com/homedetails/114-Mills-Rd-Walden-NY-12586/31834245_zpid/","","Single Family","45","710000","715400","4942","654800","04/30/2024","4596","sqft","154.48","5.1","acres","139215.69","5","3","Century 21 E & M Williams Rlty","","No","No","https://photos.zillowstatic.com/fp/b737ad4f8cb05d2ea5978adba7a234ce-p_e.jpg","","114 Mills Road","Walden","12586","NY","USA","41.560078","-74.2101","31834245","Yes","No","No"
"https://www.zillow.com/homedetails/49-Points-Of-Vw-Warwick-NY-10990/31866119_zpid/","","Single Family","45","695000","699000","3599","570800","04/30/2024","2034","sqft","341.69","1.6","acres","434375","4","4","Howard Hanna Rand Realty","","No","No","https://photos.zillowstatic.com/fp/5e1e0c9666c7032a05f514eded5a453a-p_e.jpg","","49 Points Of View View","Warwick","10990","NY","USA","41.26096","-74.4116","31866119","Yes","No","No"
"https://www.zillow.com/homedetails/290-Toleman-Rd-Washingtonville-NY-10992/53438990_zpid/","","Single Family","45","898000","904800","5750","768700","04/30/2024","3205","sqft","280.19","17","acres","52823.53","3","4","Biagini Realty","","No","No","https://photos.zillowstatic.com/fp/5f64ac64be9638f0c6d3c48ebb81bde0-p_e.jpg","","290 Toleman Road","Washingtonville","10992","NY","USA","41.4554","-74.140274","53438990","Yes","No","No"
"https://www.zillow.com/homedetails/20-Dolson-Ave-Middletown-NY-10940/31789991_zpid/","","Single Family","46","875000","882200","3082","198000","04/29/2024","1070","sqft","817.76","10070","sqft","86.89","3","1","","","No","No","","","20 Dolson Ave","Middletown","10940","NY","USA","41.43681","-74.42241","31789991","","No","No"
"https://www.zillow.com/homedetails/224-Johnson-Ln-Montgomery-NY-12549/31834813_zpid/","","Single Family","46","505000","508400","3499","192900","04/29/2024","2100","sqft","240.48","0.3","acres","1676022.86","3","3","Keller Williams Realty","","No","No","https://photos.zillowstatic.com/fp/95b46c05849441208625d50883f185f8-p_e.jpg","","224 Johnson Lane","Montgomery","12549","NY","USA","41.53381","-74.199875","31834813","Yes","No","No"
"https://www.zillow.com/homedetails/58-Deer-Trl-N-Greenwood-Lake-NY-10925/31867973_zpid/","","Single Family","46","620000","624200","3599","398900","04/29/2024","2361","sqft","262.6","0.35","acres","1771893.45","3","3","Keller Williams Valley Realty","","No","No","https://photos.zillowstatic.com/fp/668bf877362593d3c87459814b1f091b-p_e.jpg","","58 Deer Trail N","Greenwood Lake","10925","NY","USA","41.210945","-74.311035","31867973","Yes","No","No"
"https://www.zillow.com/homedetails/6-Aske-St-Warwick-NY-10990/66501597_zpid/","","Single Family","46","845500","851200","4815","600000","04/29/2024","2512","sqft","336.58","7200","sqft","117.43","3","3","Howard Hanna Rand Realty","","No","No","https://photos.zillowstatic.com/fp/1a0264f9b3ef3ef15690e1d87d848d36-p_e.jpg","","6 Aske Street","Warwick","10990","NY","USA","41.25951","-74.34114","66501597","Yes","No","No"
"https://www.zillow.com/homedetails/127-Mailler-Ave-Cornwall-NY-12518/31809270_zpid/","","Single Family","49","539000","553100","4200","105600","04/26/2024","2440","sqft","220.9","0.45","acres","1197777.78","4","3","Smitchger Realty","","No","No","https://photos.zillowstatic.com/fp/42c8c4e8396e4ca2117414b49dd5aebd-p_e.jpg","","127 Mailler Avenue","Cornwall","12518","NY","USA","41.447464","-74.031334","31809270","Yes","No","No"
"https://www.zillow.com/homedetails/6-Summerville-Rd-Goshen-NY-10924/31818138_zpid/","","Single Family","49","679000","683700","3999","676100","04/26/2024","2824","sqft","240.44","2","acres","339500","4","3","Howard Hanna Rand Realty","","No","No","https://photos.zillowstatic.com/fp/7b53f70b4d6b2aa21ef219f12845f500-p_e.jpg","","6 Summerville Road","Goshen","10924","NY","USA","41.352737","-74.31795","31818138","Yes","No","No"
"https://www.zillow.com/homedetails/38-E-Crossman-Ave-Monroe-NY-10950/31828526_zpid/","","Single Family","49","530000","533900","3599","454300","04/26/2024","2284","sqft","232.05","0.45","acres","1183817.04","3","3","National Veterans Realty Group","","No","No","https://photos.zillowstatic.com/fp/523755c354e5c2d3dca6b2d016aabb69-p_e.jpg","","38 E Crossman Avenue","Monroe","10950","NY","USA","41.31432","-74.21569","31828526","Yes","No","No"
"https://www.zillow.com/homedetails/150-Union-Corners-Rd-Warwick-NY-10990/31864334_zpid/","","Single Family","49","700000","705400","4329","707000","04/26/2024","2743","sqft","255.2","10.6","acres","66037.74","3","3","HomeSmart Homes & Estates","","No","No","https://photos.zillowstatic.com/fp/5e5412e597a633dd4368b59f56b30686-p_e.jpg","","150 Union Corners Road","Warwick","10990","NY","USA","41.299515","-74.38664","31864334","Yes","No","No"
"https://www.zillow.com/homedetails/1704-Route-284-Slate-Hill-NY-10973/70913801_zpid/","","Single Family","49","589000","593400","3679","532600","04/26/2024","2805","sqft","209.98","2","acres","294500","4","3","Howard Hanna Rand Realty","","No","No","https://photos.zillowstatic.com/fp/2496ac4188e1e4bfdd96ec28ea9b6fb6-p_e.jpg","","1704 Route 284","Slate Hill","10973","NY","USA","41.373158","-74.49132","70913801","Yes","No","No"
"https://www.zillow.com/homedetails/143-Route-17-Tuxedo-Park-NY-10987/31853054_zpid/","","Single Family","50","630000","","3740","293600","04/25/2024","2594","sqft","242.87","0.3","acres","2074442.51","4","3","Howard Hanna Rand Realty","","No","No","https://photos.zillowstatic.com/fp/1ff42ecf43bfa7823c1128b169a20083-p_e.jpg","","143 Route 17","Tuxedo Park","10987","NY","USA","41.187073","-74.18372","31853054","Yes","No","No"
"https://www.zillow.com/homedetails/19-June-Rd-Chester-NY-10918/31804733_zpid/","","Single Family","51","540000","543800","3599","524100","04/24/2024","2396","sqft","225.38","0.3","acres","1787552.25","4","3","Keller Williams Realty","","No","No","https://photos.zillowstatic.com/fp/6262015fc10bf265950d85c356bb178b-p_e.jpg","","19 June Road","Chester","10918","NY","USA","41.36824","-74.27153","31804733","Yes","No","No"
"https://www.zillow.com/homedetails/355-Buttermilk-Falls-Rd-Warwick-NY-10990/70910561_zpid/","","Single Family","51","737000","742400","5134","607600","04/24/2024","3572","sqft","206.33","6","acres","122833.33","3","3","Keller Williams Realty","","No","No","https://photos.zillowstatic.com/fp/6195c2d2f6b2ed0f1905a0ff8603c193-p_e.jpg","","355 Buttermilk Falls Road","Warwick","10990","NY","USA","41.21913","-74.333565","70910561","Yes","No","No"
"https://www.zillow.com/homedetails/232-Summit-Dr-New-Windsor-NY-12553/31846145_zpid/","","Single Family","52","505000","508700","3499","340600","04/23/2024","2112","sqft","239.11","0.38","acres","1328209.15","3","3","Keller Williams Realty","","No","No","https://photos.zillowstatic.com/fp/312fbe67338910a7bb538b1ebb311af4-p_e.jpg","","232 Summit Drive","New Windsor","12553","NY","USA","41.4776","-74.057915","31846145","Yes","No","No"
"https://www.zillow.com/homedetails/15-Wenmar-Dr-Newburgh-NY-12550/2055476423_zpid/","","Single Family","53","530000","534000","3831","","04/22/2024","2050","sqft","258.54","0.28","acres","1892857.14","4","3","Realty Promotions Inc","","No","No","https://photos.zillowstatic.com/fp/d81104de95547dd7b5723cff109c215c-p_e.jpg","","15 Wenmar Drive","Newburgh","12550","NY","USA","41.518078","-74.04726","2055476423","Yes","No","No"
"https://www.zillow.com/homedetails/33-Rolling-Ridge-Dr-Goshen-NY-10924/2081458619_zpid/","","Single Family","53","740000","745600","4500","","04/22/2024","2569","sqft","288.05","7.4","acres","100000","4","3","eXp Realty","","No","No","https://photos.zillowstatic.com/fp/e428a50518c2248fa041755553b4430e-p_e.jpg","","33 Rolling Ridge Drive","Goshen","10924","NY","USA","","","2081458619","Yes","No","No"
"https://www.zillow.com/homedetails/20-Nicaj-Ct-Middletown-NY-10941/2093655798_zpid/","","Single Family","54","680000","685300","4146","","04/21/2024","2440","sqft","278.69","3.7","acres","183783.78","3","3","Curasi Realty, Inc.","","No","No","https://photos.zillowstatic.com/fp/0a2d1dee45f87978babd15b6f1f3a755-p_e.jpg","","20 Nicaj Court","Middletown","10941","NY","USA","","","2093655798","Yes","No","No"
"https://www.zillow.com/homedetails/38-Mid-Oaks-St-Monroe-NY-10950/31824313_zpid/","","Single Family","56","513000","518500","2835","319700","04/19/2024","1332","sqft","385.14","0.35","acres","1462357.18","3","2","Metrex Realty INC","","No","No","https://photos.zillowstatic.com/fp/2e83fec68318645636a6943021c4d30f-p_e.jpg","","38 Mid Oaks Street","Monroe","10950","NY","USA","41.324528","-74.20017","31824313","Yes","No","No"
"https://www.zillow.com/homedetails/12-Beverly-Dr-Warwick-NY-10990/31868909_zpid/","","Single Family","56","500000","505100","3056","450800","04/19/2024","1686","sqft","296.56","0.71","acres","702830.04","3","2","Werner Realty of New York","","No","No","https://photos.zillowstatic.com/fp/aae2c21bcb9fc1723a4664e8b4ed525e-p_e.jpg","","12 Beverly Drive","Warwick","10990","NY","USA","41.285748","-74.3656","31868909","Yes","No","No"
"https://www.zillow.com/homedetails/16-Deangelis-Dr-Monroe-NY-10950/95065659_zpid/","","Single Family","56","725000","732800","3849","611700","04/19/2024","2020","sqft","358.91","0.46","acres","1579207.92","4","3","Howard Hanna Rand Realty","","No","No","https://photos.zillowstatic.com/fp/0269d103a7818bf4995015f567156079-p_e.jpg","","16 Deangelis Drive","Monroe","10950","NY","USA","41.308044","-74.20229","95065659","Yes","No","No"
"https://www.zillow.com/homedetails/6-Glen-Ln-Newburgh-NY-12550/163601885_zpid/","","Single Family","56","650000","","3643","29705","04/19/2024","1980","sqft","328.28","0.98","acres","663262.2","3","2","Rita Levine Real Estate","","No","No","https://photos.zillowstatic.com/fp/2431bee8d38ce3773a7c6a4a47c8f210-p_e.jpg","","6 Glen Lane","Newburgh","12550","NY","USA","41.52889","-74.013214","163601885","Yes","No","No"
"https://www.zillow.com/homedetails/9-Sands-Point-Rd-Washingtonville-NY-10992/31803663_zpid/","","Single Family","57","525000","530500","3929","514900","04/18/2024","2967","sqft","176.95","0.92","acres","569716.75","5","3","","","No","No","https://photos.zillowstatic.com/fp/bbb45d66b2a52fbb634e6ba1a4fc55be-p_e.jpg","","9 Sands Point Rd","Washingtonville","10992","NY","USA","41.395508","-74.157036","31803663","Yes","No","No"
"https://www.zillow.com/homedetails/196-State-Route-302-Pine-Bush-NY-12566/31811614_zpid/","","Single Family","57","500000","505300","3463","387100","04/18/2024","2060","sqft","242.72","1.4","acres","357142.86","4","2","Keller Williams Realty","","No","No","https://photos.zillowstatic.com/fp/223e7ecb132c15162c619aa5c7fdfad7-p_e.jpg","","196 State Route 302","Pine Bush","12566","NY","USA","41.598663","-74.307755","31811614","Yes","No","No"
"https://www.zillow.com/homedetails/44-Ironworks-Rd-Monroe-NY-10950/31825434_zpid/","","Single Family","57","547500","553300","3599","481200","04/18/2024","1868","sqft","293.09","0.54","acres","1022776.4","3","3","Land and Water Realty LLC","","No","No","https://photos.zillowstatic.com/fp/58027ea24994c486de55e048ca8efc61-p_e.jpg","","44 Ironworks Road","Monroe","10950","NY","USA","41.31234","-74.20301","31825434","Yes","No","No"
"https://www.zillow.com/homedetails/16-Linden-Ave-Greenwood-Lake-NY-10925/299700944_zpid/","","Single Family","57","850000","","5095","296200","04/18/2024","1588","sqft","535.26","6399","sqft","132.83","3","2","","","No","No","https://photos.zillowstatic.com/fp/88e2010860a18f67579c7a722ec283da-p_e.jpg","","16 Linden Ave","Greenwood Lake","10925","NY","USA","41.222088","-74.29044","299700944","Yes","No","No"
"https://www.zillow.com/homedetails/574-Greenville-Tpke-Middletown-NY-10940/2106251883_zpid/","","Single Family","57","525000","530500","3999","","04/18/2024","1910","sqft","274.87","4.2","acres","125000","3","3","Grand Lux Realty Hudson Valley","","No","No","https://photos.zillowstatic.com/fp/912d6cf385354ee56ace9a066d095164-p_e.jpg","","574 Greenville Turnpike","Middletown","10940","NY","USA","41.4102","-74.54516","2106251883","Yes","No","No"
"https://www.zillow.com/homedetails/9-Valley-View-Cir-Warwick-NY-10990/31861478_zpid/","","Single Family","58","505000","510200","3499","431400","04/17/2024","2046","sqft","246.82","0.28","acres","1788293.63","4","3","Howard Hanna Rand Realty","","No","No","https://photos.zillowstatic.com/fp/412f006ad949377719e6dfe2f6c6b667-p_e.jpg","","9 Valley View Circle","Warwick","10990","NY","USA","41.272175","-74.35803","31861478","Yes","No","No"
"https://www.zillow.com/homedetails/38-Swan-Hollow-Rd-New-Windsor-NY-12553/102052202_zpid/","","Single Family","58","744000","751700","4370","571900","04/17/2024","2720","sqft","273.53","1.33","acres","559861.54","5","3","Howard Hanna Rand Realty","","No","No","https://photos.zillowstatic.com/fp/e1517de1bb1b21602f6c34e3c7cc601e-p_e.jpg","","38 Swan Hollow Road","New Windsor","12553","NY","USA","41.463753","-74.08456","102052202","Yes","No","No"
"https://www.zillow.com/homedetails/10-Strawberry-Ln-Monroe-NY-10950/31803110_zpid/","","Single Family","59","820000","811400","4861","376300","04/16/2024","1866","sqft","439.44","0.87","acres","945677.9","4","3","Master Realty Group Inc.","","No","No","https://photos.zillowstatic.com/fp/0ecd76f3efc41ecaa8ec07d461b553e6-p_e.jpg","","10 Strawberry Lane","Monroe","10950","NY","USA","41.367043","-74.18474","31803110","Yes","No","No"
"https://www.zillow.com/homedetails/2-Whitman-Pl-Monroe-NY-10950/31825268_zpid/","","Single Family","59","749000","756500","3699","557900","04/16/2024","2282","sqft","328.22","0.43","acres","1731029.29","4","3","Howard Hanna Rand Realty","","No","No","https://photos.zillowstatic.com/fp/ab1f78de7fd550995a4d879a234f65dd-p_e.jpg","","2 Whitman Place","Monroe","10950","NY","USA","41.309162","-74.17194","31825268","Yes","No","No"
"https://www.zillow.com/homedetails/39-Twin-Island-Cir-Walden-NY-12586/31834318_zpid/","","Single Family","59","618000","624500","3849","526000","04/16/2024","2724","sqft","226.87","1.2","acres","515000","4","3","Howard Hanna Rand Realty","","No","No","https://photos.zillowstatic.com/fp/9ef093b24499be4a4e514c0c212cb725-p_e.jpg","","39 Twin Island Circle","Walden","12586","NY","USA","41.551033","-74.2049","31834318","Yes","No","No"
"https://www.zillow.com/homedetails/2052-Independence-Dr-New-Windsor-NY-12553/70910496_zpid/","","Single Family","59","693802","701400","3999","530100","04/16/2024","2959","sqft","234.47","0.37","acres","1879478.55","4","2.5","","","No","No","https://photos.zillowstatic.com/fp/d9a9b3b2d4d99980c6468215301375a2-p_e.jpg","","2052 Independence Dr","New Windsor","12553","NY","USA","41.458416","-74.08979","70910496","Yes","No","No"
"https://www.zillow.com/homedetails/29-Cowdrey-St-Warwick-NY-10990/118608297_zpid/","","Single Family","59","865000","874900","5138","740500","04/16/2024","3083","sqft","280.57","5440","sqft","159.01","4","3.5","","","No","No","","","29 Cowdrey St","Warwick","10990","NY","USA","41.256855","-74.33749","118608297","","No","No"
"https://www.zillow.com/homedetails/492-Hulsetown-Rd-Campbell-Hall-NY-10916/31820964_zpid/","","Single Family","60","575000","581200","3999","549300","04/15/2024","2552","sqft","225.31","2.5","acres","230000","4","3","Keller Williams Realty","","No","No","https://photos.zillowstatic.com/fp/33405572fc064808bf005dafa460cfbe-p_e.jpg","","492 Hulsetown Road","Campbell Hall","10916","NY","USA","41.431843","-74.21244","31820964","Yes","No","No"
"https://www.zillow.com/homedetails/16-Brookside-Dr-Goshen-NY-10924/31817640_zpid/","","Single Family","63","701000","708400","3969","674700","04/12/2024","2568","sqft","272.98","1.9","acres","368947.37","4","3","Howard Hanna Rand Realty","","No","No","https://photos.zillowstatic.com/fp/359c50a3cdf99cbd4c51908b2f040045-p_e.jpg","","16 Brookside Drive","Goshen","10924","NY","USA","41.39588","-74.302","31817640","Yes","No","No"
"https://www.zillow.com/homedetails/20-Peter-Bush-Dr-Monroe-NY-10950/31825410_zpid/","","Single Family","63","535000","540600","3549","450200","04/12/2024","1726","sqft","309.97","0.51","acres","1059203.71","4","2","Howard Hanna Rand Realty","","No","No","https://photos.zillowstatic.com/fp/9a1ee0e35bf72ecc25bf206ca40234b7-p_e.jpg","","20 Peter Bush Drive","Monroe","10950","NY","USA","41.309315","-74.19851","31825410","Yes","No","No"
"https://www.zillow.com/homedetails/80-Duelk-Ave-Monroe-NY-10950/31803065_zpid/","","Single Family","64","780000","789400","4654","476400","04/11/2024","2208","sqft","353.26","0.3","acres","2558301.33","5","3","","","No","No","https://photos.zillowstatic.com/fp/6849fdb3d1a60dba36269bf5e152b991-p_e.jpg","","80 Duelk Ave","Monroe","10950","NY","USA","41.364506","-74.185265","31803065","Yes","No","No"
"https://www.zillow.com/homedetails/30-Sunset-Dr-Port-Jervis-NY-12771/31819378_zpid/","","Single Family","64","690000","696800","3858","451800","04/11/2024","2704","sqft","255.18","4.9","acres","140816.33","3","3","Corcoran Baer & McIntosh","","No","No","https://photos.zillowstatic.com/fp/6c5b005dfbe435c09ae741d29bd1ec20-p_e.jpg","","30 Sunset Drive","Port Jervis","12771","NY","USA","41.376328","-74.59019","31819378","Yes","No","No"
"https://www.zillow.com/homedetails/10-Pearsall-Dr-Monroe-NY-10950/31825730_zpid/","","Single Family","64","539000","534900","3329","450200","04/11/2024","1596","sqft","337.72","0.49","acres","1111319.17","4","2","Howard Hanna Rand Realty","","No","No","https://photos.zillowstatic.com/fp/214ecdffccc1ffbef8e55cbb4a6d4168-p_e.jpg","","10 Pearsall Drive","Monroe","10950","NY","USA","41.322205","-74.172844","31825730","Yes","No","No"
"https://www.zillow.com/homedetails/25-Pilgrim-Corners-Rd-Middletown-NY-10940/31856425_zpid/","","Single Family","64","830000","838100","4985","707600","04/11/2024","5980","sqft","138.8","3.4","acres","244117.65","5","4","Cronin & Company Real Estate","","No","No","https://photos.zillowstatic.com/fp/1b8546f3ebcf0c05ebeb48271a3b54ba-p_e.jpg","","25 Pilgrim Corners Rd","Middletown","10940","NY","USA","41.45833","-74.446335","31856425","Yes","No","No"
"https://www.zillow.com/homedetails/648-Union-Corners-Rd-Florida-NY-10921/31863627_zpid/","","Single Family","64","720000","728400","4470","680000","04/11/2024","2911","sqft","247.34","2.8","acres","257142.86","4","3","Wansor Realty","","No","No","https://photos.zillowstatic.com/fp/f0ca56808542eaa9af870d8274a893fd-p_e.jpg","","648 Union Corners Road","Florida","10921","NY","USA","41.30732","-74.38053","31863627","Yes","No","No"
"https://www.zillow.com/homedetails/227-Kings-Hwy-Warwick-NY-10990/66501026_zpid/","","Single Family","64","590000","596400","3800","497300","04/11/2024","2094","sqft","281.76","1.2","acres","491666.67","3","3","BHG Real Estate Green Team","","No","No","https://photos.zillowstatic.com/fp/5d7e8204382d5bd91d90d27649b0f4a3-p_e.jpg","","227 Kings Highway","Warwick","10990","NY","USA","41.28116","-74.318924","66501026","Yes","No","No"
"https://www.zillow.com/homedetails/13-Sky-View-Ln-Chester-NY-10918/163648231_zpid/","","Single Family","64","765500","774000","4581","662000","04/11/2024","2431","sqft","314.89","1.5","acres","510333.33","4","3","RE/MAX Town & Country","","No","No","https://photos.zillowstatic.com/fp/873ecd7bae8f2adefd64b18e177c2d13-p_e.jpg","","13 Sky View Lane","Chester","10918","NY","USA","41.30398","-74.2977","163648231","Yes","No","No"
"https://www.zillow.com/homedetails/10-Pellwood-Lake-Rd-Highland-Falls-NY-10928/31822290_zpid/","","Single Family","65","570000","","3499","345500","04/10/2024","1780","sqft","320.22","0.36","acres","1583292.95","3","3","Keller Williams Realty Partner","","No","No","https://photos.zillowstatic.com/fp/faddf7ba67bbbc2e9a84a4d9c7126ed3-p_e.jpg","","10 Pellwood Lake Road","Highland Falls","10928","NY","USA","41.356415","-73.971504","31822290","Yes","No","No"
"https://www.zillow.com/homedetails/33-Valley-Ct-Florida-NY-10921/31860357_zpid/","","Single Family","65","560000","565600","4469","573000","04/10/2024","2514","sqft","222.75","3.2","acres","175000","4","3","Keller Williams Realty","","No","No","https://photos.zillowstatic.com/fp/c0c95b0655582f191a931ea6cd0a691f-p_e.jpg","","33 Valley Court","Florida","10921","NY","USA","41.321888","-74.35728","31860357","Yes","No","No"
"https://www.zillow.com/homedetails/62-Lattintown-Rd-Newburgh-NY-12550/2053187210_zpid/","","Single Family","65","675000","682600","4298","","04/10/2024","2650","sqft","254.72","0.94","acres","718092.12","4","3","eRealty Advisors, Inc","","No","No","https://photos.zillowstatic.com/fp/5c8c6f4774d4b6714d4b2b20799899f9-p_e.jpg","","62 Lattintown Road","Newburgh","12550","NY","USA","","","2053187210","Yes","No","No"
"https://www.zillow.com/homedetails/31-Rolling-Ridge-Dr-Goshen-NY-10924/2081458618_zpid/","","Single Family","65","735000","743300","4499","","04/10/2024","2609","sqft","281.72","4.5","acres","163333.33","4","3","Howard Hanna Rand Realty","","No","No","https://photos.zillowstatic.com/fp/e87d8cfbe7017b72b221e753118ad9e2-p_e.jpg","","31 Rolling Ridge Drive","Goshen","10924","NY","USA","","","2081458618","Yes","No","No"
"https://www.zillow.com/homedetails/21-Duelk-Ave-Monroe-NY-10950/31802976_zpid/","","Single Family","66","660000","666800","3214","320500","04/09/2024","1536","sqft","429.69","0.28","acres","2380919.25","3","2","Keller Williams Hudson Valley","","No","No","https://photos.zillowstatic.com/fp/c1b02788ddd21726702f387110cb0690-p_e.jpg","","21 Duelk Avenue","Monroe","10950","NY","USA","41.36472","-74.18949","31802976","Yes","No","No"
"https://www.zillow.com/homedetails/78-Beyers-Rd-Montgomery-NY-12549/31812689_zpid/","","Single Family","66","559000","575400","3999","501800","04/09/2024","2284","sqft","244.75","2.8","acres","199642.86","3","3","Flemming Realty","","No","No","https://photos.zillowstatic.com/fp/3b65fba33990dabf03e29cd3c71cbe0c-p_e.jpg","","78 Beyers Road","Montgomery","12549","NY","USA","41.523396","-74.28801","31812689","Yes","No","No"
"https://www.zillow.com/homedetails/3-Miller-Ln-Monroe-NY-10950/31824281_zpid/","","Single Family","66","525000","531800","3499","504100","04/09/2024","1904","sqft","275.74","0.31","acres","1703463.69","3","3","Houlihan Lawrence Inc.","","No","No","https://photos.zillowstatic.com/fp/f9631bd61e94253ed119483636b43120-p_e.jpg","","3 Miller Lane","Monroe","10950","NY","USA","41.32659","-74.17332","31824281","Yes","No","No"
"https://www.zillow.com/homedetails/659-Rock-Cut-Rd-Walden-NY-12586/31837592_zpid/","","Single Family","66","509000","518900","3929","472400","04/09/2024","2946","sqft","172.78","0.93","acres","547309.13","3","3","RE/MAX Benchmark Realty Group","","No","No","https://photos.zillowstatic.com/fp/d148a38dc80f2a561e91220609d415e6-p_e.jpg","","659 Rock Cut Road","Walden","12586","NY","USA","41.57892","-74.11711","31837592","Yes","No","No"
"https://www.zillow.com/homedetails/15-Morrow-Ct-Walden-NY-12586/2078640905_zpid/","","Single Family","66","674900","681900","3898","","04/09/2024","2600","sqft","259.58","1.08","acres","627230.48","4","3","Hudson Valley Realty Center","","No","No","https://photos.zillowstatic.com/fp/ac3601ca90d7a5628a460c4741d14e8f-p_e.jpg","","15 Morrow Court","Walden","12586","NY","USA","","","2078640905","Yes","No","No"
"https://www.zillow.com/homedetails/57-Capital-Dr-Washingtonville-NY-10992/31799224_zpid/","","Single Family","67","602000","608400","3534","591000","04/08/2024","2288","sqft","263.11","0.27","acres","2204364.49","4","4","RE/MAX Benchmark Realty Group","","No","No","https://photos.zillowstatic.com/fp/e8b74b54e8cde5b9a822e030a178097c-p_e.jpg","","57 Capital Drive","Washingtonville","10992","NY","USA","41.439014","-74.14016","31799224","Yes","No","No"
"https://www.zillow.com/homedetails/66-Duelk-Ave-Monroe-NY-10950/31803217_zpid/","","Single Family","67","696000","704500","3200","340700","04/08/2024","1458","sqft","477.37","0.32","acres","2200447.09","4","3","Blooming Realty","","No","No","https://photos.zillowstatic.com/fp/fc2477e8e85fbb91eb2437c43fe3550b-p_e.jpg","","66 Duelk Avenue","Monroe","10950","NY","USA","41.36268","-74.18527","31803217","Yes","No","No"
"https://www.zillow.com/homedetails/504-Riley-Rd-New-Windsor-NY-12553/31847633_zpid/","","Single Family","67","565000","570700","4300","486300","04/08/2024","2494","sqft","226.54","1.2","acres","470833.33","4","3","Keller Williams Hudson Valley","","No","No","https://photos.zillowstatic.com/fp/5385a8f2b860785558f308abb50fa0e3-p_e.jpg","","504 Riley Road","New Windsor","12553","NY","USA","41.48006","-74.07987","31847633","Yes","No","No"
"https://www.zillow.com/homedetails/141-Trout-Brook-Rd-Monroe-NY-10950/2080766534_zpid/","","Single Family","67","649000","655900","4117","","04/08/2024","3147","sqft","206.23","2.1","acres","309047.62","4","3","BHHS Hudson Valley Properties","","No","No","https://photos.zillowstatic.com/fp/e0ad6668483642ada8a33e2fbde51fc3-p_e.jpg","","141 Trout Brook Road","Monroe","10950","NY","USA","41.293724","-74.23943","2080766534","Yes","No","No"
"https://www.zillow.com/homedetails/98-Barnes-Rd-Washingtonville-NY-10992/31803820_zpid/","","Single Family","70","500000","506900","3300","401300","04/05/2024","2177","sqft","229.67","0.49","acres","1020427.29","3","1.5","","","No","No","","","98 Barnes Rd","Washingtonville","10992","NY","USA","41.40602","-74.18784","31803820","","No","No"
"https://www.zillow.com/homedetails/21-Darmstadter-Rd-Bloomingburg-NY-12721/31812855_zpid/","","Single Family","70","512000","519100","3528","474400","04/05/2024","2147","sqft","238.47","1.1","acres","465454.55","3","3","Keller Williams Realty","","No","No","https://photos.zillowstatic.com/fp/78d450047a20c874d8738fbe0da7a2ba-p_e.jpg","","21 Darmstadter Road","Bloomingburg","12721","NY","USA","41.558212","-74.38017","31812855","Yes","No","No"
"https://www.zillow.com/homedetails/4-Cliff-Ct-Monroe-NY-10950/31827616_zpid/","","Single Family","70","798000","815900","5149","563600","04/05/2024","1940","sqft","411.34","0.44","acres","1795685.5","4","4","","","No","No","https://photos.zillowstatic.com/fp/a3bb496bc8d6d95d810f0e75e72377c7-p_e.jpg","","4 Cliff Ct","Monroe","10950","NY","USA","41.35708","-74.18355","31827616","Yes","No","No"
"https://www.zillow.com/homedetails/19-Firemens-Ln-Newburgh-NY-12550/2054092944_zpid/","","Single Family","70","695000","704600","4400","","04/05/2024","2039","sqft","340.85","2.2","acres","315909.09","3","3","Kevin Gagliano","","No","No","https://photos.zillowstatic.com/fp/02aec6081f60632ed4de83497cec1a52-p_e.jpg","","19 Firemens Lane","Newburgh","12550","NY","USA","","","2054092944","Yes","No","No"
"https://www.zillow.com/homedetails/21-Birchwood-Dr-Highland-Mills-NY-10930/31871609_zpid/","","Single Family","71","500000","507000","3358","383600","04/04/2024","2080","sqft","240.38","0.3","acres","1688633.9","5","2","Keller Williams Realty Partner","","No","No","https://photos.zillowstatic.com/fp/0d3a8db389870f9263d0c191dc8b0d10-p_e.jpg","","21 Birchwood Drive","Highland Mills","10930","NY","USA","41.349277","-74.11214","31871609","Yes","No","No"
"https://www.zillow.com/homedetails/145-Turtle-Bay-Rd-New-Hampton-NY-10958/55486885_zpid/","","Single Family","71","790000","800400","4755","695900","04/04/2024","3656","sqft","216.08","2.8","acres","282142.86","4","3","Howard Hanna Rand Realty","","No","No","https://photos.zillowstatic.com/fp/d6117a974c7122c4877b30b721b3155a-p_e.jpg","","145 Turtle Bay Road","New Hampton","10958","NY","USA","41.339294","-74.46432","55486885","Yes","No","No"
"https://www.zillow.com/homedetails/83-Tuthill-Rd-Blooming-Grove-NY-10914/31800677_zpid/","","Single Family","72","509000","516300","3350","371500","04/03/2024","1874","sqft","271.61","1","acres","509000","3","2","Century 21 Full Service Realty","","No","No","https://photos.zillowstatic.com/fp/dcd85149fa1d4e2cd1ca1c37a5025065-p_e.jpg","","83 Tuthill Road","Blooming Grove","10914","NY","USA","41.41666","-74.19765","31800677","Yes","No","No"
"https://www.zillow.com/homedetails/132-Brola-Rd-Middletown-NY-10940/31835983_zpid/","","Single Family","72","665000","672700","2835","644600","04/03/2024","1550","sqft","429.03","30.6","acres","21732.03","3","2","Howard Hanna Rand Realty","","No","No","https://photos.zillowstatic.com/fp/ebb4d2667cd024082b8dac0fdcad0331-p_e.jpg","","132 Brola Road","Middletown","10940","NY","USA","41.50369","-74.467094","31835983","Yes","No","No"
"https://www.zillow.com/homedetails/75-Shore-Blvd-Slate-Hill-NY-10973/31870921_zpid/","","Single Family","72","550000","557800","3599","465900","04/03/2024","3052","sqft","180.21","1","acres","550000","5","3","Cronin & Company Real Estate","","No","No","https://photos.zillowstatic.com/fp/8b2d0d9d89131501c2c55b2063061c5c-p_e.jpg","","75 Shore Boulevard","Slate Hill","10973","NY","USA","41.385647","-74.44775","31870921","Yes","No","No"
"https://www.zillow.com/homedetails/7-Bunker-Hill-Ct-Washingtonville-NY-10992/31799230_zpid/","","Single Family","73","565000","572900","3599","472600","04/02/2024","2352","sqft","240.22","0.33","acres","1694649.87","4","3","RE/MAX Benchmark Realty Group","","No","No","https://photos.zillowstatic.com/fp/d953e98fd73edf46a5a3e3a1cf061e5f-p_e.jpg","","7 Bunker Hill Court","Washingtonville","10992","NY","USA","41.439156","-74.14156","31799230","Yes","No","No"
"https://www.zillow.com/homedetails/83-Duelk-Ave-Monroe-NY-10950/31802993_zpid/","","Single Family","73","660500","665600","2702","381100","04/02/2024","1092","sqft","604.85","0.37","acres","1785157.29","3","1","","","No","No","https://photos.zillowstatic.com/fp/4870cef4b6718ed826538400cba9b814-p_e.jpg","","83 Duelk Ave","Monroe","10950","NY","USA","41.367073","-74.187294","31802993","Yes","No","No"
"https://www.zillow.com/homedetails/7-Taft-Pl-Cornwall-On-Hudson-NY-12520/31808315_zpid/","","Single Family","73","899000","912000","5414","813900","04/02/2024","2114","sqft","425.26","0.3","acres","2996666.67","4","3","Corcoran Baer & McIntosh","","No","No","https://photos.zillowstatic.com/fp/5936f5e5099677b3ed677ceb8c895950-p_e.jpg","","7 Taft Place","Cornwall On Hudson","12520","NY","USA","41.442253","-74.00133","31808315","Yes","No","No"
"https://www.zillow.com/homedetails/1-Toll-House-Rd-Cornwall-NY-12518/31810430_zpid/","","Single Family","73","605000","613800","3829","609200","04/02/2024","2339","sqft","258.66","1.4","acres","432142.86","3","3","Keller Williams Hudson Valley","","No","No","https://photos.zillowstatic.com/fp/c07bebfaad468e34dfe994322aac0219-p_e.jpg","","1 Toll House Road","Cornwall","12518","NY","USA","41.408","-74.06238","31810430","Yes","No","No"
"https://www.zillow.com/homedetails/502-Ridge-Rd-Campbell-Hall-NY-10916/31820936_zpid/","","Single Family","73","500000","507200","3900","507300","04/02/2024","2460","sqft","203.25","1.9","acres","263157.89","4","3","eXp Realty","","No","No","https://photos.zillowstatic.com/fp/3d2c4db0b556aefe6ace1e502ea009d1-p_e.jpg","","502 Ridge Road","Campbell Hall","10916","NY","USA","41.441208","-74.226585","31820936","Yes","No","No"
"https://www.zillow.com/homedetails/28-Emboden-Ave-Otisville-NY-10963/66494429_zpid/","","Single Family","74","576000","583500","3340","325900","04/01/2024","2828","sqft","203.68","0.81","acres","714810.4","3","2","Weichert Realtors","","No","No","https://photos.zillowstatic.com/fp/615b4dbfa5ee4fda28b716a793d10fbc-p_e.jpg","","28 Emboden Avenue","Otisville","10963","NY","USA","41.475285","-74.53058","66494429","Yes","No","No"
"https://www.zillow.com/homedetails/25-Painted-Apron-Ter-Pt-Jervis-NY-12771/66500177_zpid/","","Single Family","74","565000","573000","4288","497900","04/01/2024","3136","sqft","180.17","5.2","acres","108653.85","4","3","eXp Realty","","No","No","https://photos.zillowstatic.com/fp/65fef216dd7e78cf2a5ac07c0333536b-p_e.jpg","","25 Painted Apron Terrace","Pt Jervis","12771","NY","USA","41.38265","-74.64086","66500177","Yes","No","No"
"https://www.zillow.com/homedetails/91-Horton-Rd-Washingtonville-NY-10992/31800753_zpid/","","Single Family","75","520000","529800","3475","410000","03/31/2024","1792","sqft","290.18","1.1","acres","472727.27","4","2","Exit Realty Venture","","No","No","https://photos.zillowstatic.com/fp/00b875360e7819d75a7bf72868586750-p_e.jpg","","91 Horton Road","Washingtonville","10992","NY","USA","41.411587","-74.17374","31800753","Yes","No","No"
"https://www.zillow.com/homedetails/15-Overlook-Dr-Washingtonville-NY-10992/31820906_zpid/","","Single Family","77","692500","702000","4140","519900","03/29/2024","2654","sqft","260.93","5.6","acres","123660.71","4","3","Weichert Realtors","","No","No","https://photos.zillowstatic.com/fp/7930099efd897cd48f395156df856949-p_e.jpg","","15 Overlook Drive","Washingtonville","10992","NY","USA","41.44482","-74.192","31820906","Yes","No","No"
"https://www.zillow.com/homedetails/38-Wenmar-Dr-Newburgh-NY-12550/2052880018_zpid/","","Single Family","77","509900","517000","3895","","03/29/2024","2155","sqft","236.61","0.42","acres","1214047.62","3","3","Realty Promotions Inc","","No","No","","","38 Wenmar Drive","Newburgh","12550","NY","USA","","","2052880018","","No","No"
"https://www.zillow.com/homedetails/62-Ryan-Ct-New-Windsor-NY-12553/31808653_zpid/","","Single Family","78","680000","689700","3895","631600","03/28/2024","2739","sqft","248.27","1","acres","680000","4","3","RE/MAX Benchmark Realty Group","","No","No","https://photos.zillowstatic.com/fp/218fd1b446e8c56ebccbfb7947aaefd0-p_e.jpg","","62 Ryan Court","New Windsor","12553","NY","USA","41.445774","-74.091736","31808653","Yes","No","No"
"https://www.zillow.com/homedetails/18-Seals-Dr-Monroe-NY-10950/31825224_zpid/","","Single Family","78","645000","653900","3849","495900","03/28/2024","2404","sqft","268.3","0.5","acres","1288698.28","4","3","BHHS Hudson Valley Properties","","No","No","https://photos.zillowstatic.com/fp/77ec9b18796dd87c74fdb0a98260c162-p_e.jpg","","18 Seals Drive","Monroe","10950","NY","USA","41.31017","-74.175125","31825224","Yes","No","No"
"https://www.zillow.com/homedetails/185-Monahan-Rd-Pt-Jervis-NY-12771/66494109_zpid/","","Single Family","78","506000","513200","3999","485600","03/28/2024","2574","sqft","196.58","5.2","acres","97307.69","3","3","Pantiga Group Inc.","","No","No","https://photos.zillowstatic.com/fp/5b3a76c2e756a91b3995eefa9b926c0d-p_e.jpg","","185 Monahan Road","Pt Jervis","12771","NY","USA","41.360573","-74.588715","66494109","Yes","No","No"
"https://www.zillow.com/homedetails/20-Schefflers-Rd-Westtown-NY-10998/299701347_zpid/","","Single Family","78","590000","598600","2800","427500","03/28/2024","1534","sqft","384.62","4","acres","147500","3","2","Coldwell Banker Realty","","No","No","https://photos.zillowstatic.com/fp/beaf69c69014b5eed326091cb82ee14a-p_e.jpg","","20 Schefflers Road","Westtown","10998","NY","USA","41.311516","-74.546776","299701347","Yes","No","No"
"https://www.zillow.com/homedetails/19-Idlewild-Park-Dr-Cornwall-On-Hudson-NY-12520/31807606_zpid/","","Single Family","79","665000","674400","3358","477200","03/27/2024","1764","sqft","376.98","0.48","acres","1385403.41","3","2","Howard Hanna Rand Realty","","No","No","https://photos.zillowstatic.com/fp/57c613dbc5d2796688f830528d621f69-p_e.jpg","","19 Idlewild Park Drive","Cornwall On Hudson","12520","NY","USA","41.45028","-74.02171","31807606","Yes","No","No"
"https://www.zillow.com/homedetails/14-Cheddar-Ln-New-Windsor-NY-12553/31850861_zpid/","","Single Family","79","500000","507600","3249","482700","03/27/2024","1740","sqft","287.36","0.26","acres","1896882.08","3","3","Century 21 Elite Realty","","No","No","https://photos.zillowstatic.com/fp/c3fc62e96db1006ff2f22ba619f8021f-p_e.jpg","","14 Cheddar Lane","New Windsor","12553","NY","USA","41.459984","-74.031044","31850861","Yes","No","No"
"https://www.zillow.com/homedetails/205-Jessup-Rd-Warwick-NY-10990/31864418_zpid/","","Single Family","79","789000","801100","4677","962200","03/27/2024","4941","sqft","159.68","4.7","acres","167872.34","4","4","HomeSmart Homes & Estates","","No","No","https://photos.zillowstatic.com/fp/2390690a66f5b8a28fdc3618c4c89a05-p_e.jpg","","205 Jessup Road","Warwick","10990","NY","USA","41.30849","-74.375046","31864418","Yes","No","No"
"https://www.zillow.com/homedetails/13-Jonathan-Ct-Warwick-NY-10990/31865041_zpid/","","Single Family","80","641000","650400","4400","682200","03/26/2024","2990","sqft","214.38","3","acres","213666.67","4","3","","","No","No","https://photos.zillowstatic.com/fp/09310ddb09abc82212653c2d5eb4451e-p_e.jpg","","13 Jonathan Ct","Warwick","10990","NY","USA","41.270164","-74.40981","31865041","Yes","No","No"
"https://www.zillow.com/homedetails/49-Pine-Hill-Rd-Highland-Mills-NY-10930/31872079_zpid/","","Single Family","81","550000","557400","3699","420500","03/25/2024","2020","sqft","272.28","1.1","acres","500000","4","3","Keller Williams Realty","","No","No","https://photos.zillowstatic.com/fp/1dd01c243dff2e4adb29ac3f6889e258-p_e.jpg","","49 Pine Hill Road","Highland Mills","10930","NY","USA","41.341194","-74.109505","31872079","Yes","No","No"
"https://www.zillow.com/homedetails/52-Arbor-Rd-Campbell-Hall-NY-10916/31821386_zpid/","","Single Family","84","855000","866800","5165","561700","03/22/2024","4480","sqft","190.85","2.8","acres","305357.14","5","4","Century 21 E & M Williams Rlty","","No","No","https://photos.zillowstatic.com/fp/7077a8c5a7bac7d9706d09535718c528-p_e.jpg","","52 Arbor Road","Campbell Hall","10916","NY","USA","41.445183","-74.26059","31821386","Yes","No","No"
"https://www.zillow.com/homedetails/149-Creamery-Pond-Rd-Chester-NY-10918/55485903_zpid/","","Single Family","84","649000","658300","3895","657300","03/22/2024","2740","sqft","236.86","1","acres","649000","3","3","Century 21 Realty Center","","No","No","https://photos.zillowstatic.com/fp/7fd3ccb5b5d3a320c908fa7fccab5eaf-p_e.jpg","","149 Creamery Pond Road","Chester","10918","NY","USA","41.31825","-74.290855","55485903","Yes","No","No"
"https://www.zillow.com/homedetails/160-Mineral-Springs-Rd-Highland-Mills-NY-10930/31810518_zpid/","","Single Family","85","530000","538800","3499","486400","03/21/2024","1734","sqft","305.65","0.99","acres","535358.5","3","3","Smitchger Realty","","No","No","https://photos.zillowstatic.com/fp/fada79492c82969cb7af6e1bb6781498-p_e.jpg","","160 Mineral Springs Road","Highland Mills","10930","NY","USA","41.394238","-74.06564","31810518","Yes","No","No"
"https://www.zillow.com/homedetails/155-Shin-Hollow-Rd-Pt-Jervis-NY-12771/31815143_zpid/","","Single Family","85","553000","560800","3829","460300","03/21/2024","2439","sqft","226.73","7.2","acres","76805.56","3","3","RE/MAX Benchmark Realty Group","","No","No","https://photos.zillowstatic.com/fp/94cdb912215964e6fa7b7e0e9a7f6255-p_e.jpg","","155 Shin Hollow Road","Pt Jervis","12771","NY","USA","41.397186","-74.63142","31815143","Yes","No","No"
"https://www.zillow.com/homedetails/31-Arbor-Way-Middletown-NY-10940/84098037_zpid/","","Single Family","85","539900","548600","3534","464300","03/21/2024","2860","sqft","188.78","0.46","acres","1173672.22","4","4","RE/MAX Benchmark Realty Group","","No","No","https://photos.zillowstatic.com/fp/c91ae3bb5e2535562bded197b3b5ff4e-p_e.jpg","","31 Arbor Way","Middletown","10940","NY","USA","41.42199","-74.47923","84098037","Yes","No","No"
"https://www.zillow.com/homedetails/64-Bender-Rd-Westtown-NY-10998/102079480_zpid/","","Single Family","85","575000","584800","3999","547300","03/21/2024","2479","sqft","231.95","2.5","acres","230000","4","3","Keller Williams Hudson Valley","","No","No","https://photos.zillowstatic.com/fp/8dbcf3ad1cad36320d00f7bef9cc9d2d-p_e.jpg","","64 Bender Road","Westtown","10998","NY","USA","41.337563","-74.532974","102079480","Yes","No","No"
"https://www.zillow.com/homedetails/77-Commonwealth-Ave-Middletown-NY-10940/31786548_zpid/","","Single Family","86","510000","517600","3249","","03/20/2024","1900","sqft","268.42","7501","sqft","67.99","4","3","Cronin & Company Real Estate","","No","No","https://photos.zillowstatic.com/fp/2ee2cdb47d173597eb12a1ed0dd0238c-p_e.jpg","","77 Commonwealth Avenue","Middletown","10940","NY","USA","41.458775","-74.41808","31786548","Yes","No","No"
"https://www.zillow.com/homedetails/6-Pecos-Ct-Monroe-NY-10950/31803057_zpid/","","Single Family","86","680000","610000","2850","306100","03/20/2024","1100","sqft","618.18","0.3","acres","2239080.81","3","2","Metrex Realty INC","","No","No","https://photos.zillowstatic.com/fp/3bb7eb6310796d40abf1df4bcb3f2971-p_e.jpg","","6 Pecos Court","Monroe","10950","NY","USA","41.36613","-74.185005","31803057","Yes","No","No"
"https://www.zillow.com/homedetails/4-Pecos-Ct-Monroe-NY-10950/31803058_zpid/","","Single Family","86","680000","608300","2842","298400","03/20/2024","1056","sqft","643.94","0.33","acres","2083330.99","3","2","Metrex Realty INC","","No","No","https://photos.zillowstatic.com/fp/6eb6cc4e5750b1a22a136efde3a71bbb-p_e.jpg","","4 Pecos Court","Monroe","10950","NY","USA","41.365837","-74.185196","31803058","Yes","No","No"
"https://www.zillow.com/homedetails/15-Circle-Dr-Monroe-NY-10950/31829081_zpid/","","Single Family","87","540000","541100","3714","540800","03/19/2024","2183","sqft","247.37","1.1","acres","490909.09","4","3","Master Realty Group Inc.","","No","No","https://photos.zillowstatic.com/fp/d61179b17810dc194311d274ca1b16e9-p_e.jpg","","15 Circle Drive","Monroe","10950","NY","USA","41.300053","-74.16751","31829081","Yes","No","No"
"https://www.zillow.com/homedetails/70-Iron-Mountain-Rd-Warwick-NY-10990/31866856_zpid/","","Single Family","87","610000","620700","4140","570800","03/19/2024","2160","sqft","282.41","2.7","acres","225925.93","4","3","BHHS Gross & Jansen","","No","No","https://photos.zillowstatic.com/fp/a02368713849eb12dd3493ba9ae2abc4-p_e.jpg","","70 Iron Mountain Road","Warwick","10990","NY","USA","41.225254","-74.40461","31866856","Yes","No","No"
"https://www.zillow.com/homedetails/40-Willow-Creek-Rd-Washingtonville-NY-10992/31800631_zpid/","","Single Family","88","590000","599400","4378","687200","03/18/2024","3482","sqft","169.44","3.4","acres","173529.41","3","4","Keller Williams Realty","","No","No","https://photos.zillowstatic.com/fp/0263c96e87127e21a5e3a9c895cbbb69-p_e.jpg","","40 Willow Creek Road","Washingtonville","10992","NY","USA","41.42938","-74.19559","31800631","Yes","No","No"
"https://www.zillow.com/homedetails/243-Bull-Mill-Rd-Chester-NY-10918/31805605_zpid/","","Single Family","88","600000","609200","3800","536600","03/18/2024","2021","sqft","296.88","1.8","acres","333333.33","3","3","Coldwell Banker Realty","","No","No","https://photos.zillowstatic.com/fp/2db4ae895f4799d400764839112edcca-p_e.jpg","","243 Bull Mill Road","Chester","10918","NY","USA","41.319977","-74.240585","31805605","Yes","No","No"
"https://www.zillow.com/homedetails/220-Old-Dutch-Hollow-Rd-Monroe-NY-10950/31867274_zpid/","","Single Family","88","535000","544500","3750","377300","03/18/2024","2800","sqft","191.07","2.5","acres","214000","3","2","Terrie OConnor","","No","No","https://photos.zillowstatic.com/fp/bc9c573a4f59a251b4f53fed19b1b626-p_e.jpg","","220 Old Dutch Hollow Rd","Monroe","10950","NY","USA","41.24313","-74.27347","31867274","Yes","No","No"